player_id,team,position,ht_wt,birthdate,college,draft_info,status,experience,birthplace
3975,Golden State Warriors,Point Guard,"6' 2"", 185 lbs",3/14/1988 (35),Davidson,"2009: Rd 1, Pk 7 (GS)",Active,13th Season,"Akron, OH"
1966,Los Angeles Lakers,Small Forward,"6' 9"", 250 lbs",12/30/1984 (38),,"2003: Rd 1, Pk 1 (CLE)",Active,19th Season,"Akron, OH"
3202,Phoenix Suns,Power Forward,"6' 10"", 240 lbs",9/29/1988 (34),Texas,"2007: Rd 1, Pk 2 (SEA)",Active,14th Season,"Suitland, MD"
6580,Phoenix Suns,Shooting Guard,"6' 4"", 207 lbs",6/28/1993 (30),Florida,"2012: Rd 1, Pk 3 (WSH)",Active,10th Season,"Saint Louis, MO"
6606,Portland Trail Blazers,Point Guard,"6' 2"", 195 lbs",7/15/1990 (32),Weber St,"2012: Rd 1, Pk 6 (POR)",Active,9th Season,"Oakland, CA"
3032977,Milwaukee Bucks,Power Forward,"6' 11"", 243 lbs",12/6/1994 (28),,"2013: Rd 1, Pk 15 (MIL)",Active,9th Season,"Athens, Greece"
6450,LA Clippers,Small Forward,"6' 7"", 225 lbs",6/29/1991 (32),San Diego St,"2011: Rd 1, Pk 15 (IND)",Game Time Decision,10th Season,"Los Angeles, CA"
4251,LA Clippers,Forward,"6' 8"", 220 lbs",5/2/1990 (33),Fresno St,"2010: Rd 1, Pk 10 (IND)",Game Time Decision,12th Season,"Palmdale, CA"
6475,Golden State Warriors,Shooting Guard,"6' 6"", 220 lbs",2/8/1990 (33),Washington St,"2011: Rd 1, Pk 11 (GS)",Active,9th Season,"Los Angeles, CA"
6442,Dallas Mavericks,Point Guard,"6' 2"", 195 lbs",3/23/1992 (31),Duke,"2011: Rd 1, Pk 1 (CLE)",Active,11th Season,"Melbourne, VIC"
3032976,Minnesota Timberwolves,Center,"7' 1"", 258 lbs",6/26/1992 (31),,"2013: Rd 1, Pk 27 (DEN)",Active,9th Season,France
6583,Los Angeles Lakers,Power Forward,"6' 10"", 253 lbs",3/11/1993 (30),Kentucky,"2012: Rd 1, Pk 1 (NO)",Active,10th Season,"Chicago, IL"
6609,Milwaukee Bucks,Small Forward,"6' 7"", 222 lbs",8/12/1991 (31),Texas A&M,"2012: Rd 2, Pk 39 (DET)",Active,10th Season,"Charleston, SC"
6430,Miami Heat,Small Forward,"6' 7"", 230 lbs",9/14/1989 (33),Marquette,"2011: Rd 1, Pk 30 (CHI)",Active,11th Season,"Houston, TX"
6440,Philadelphia 76ers,Power Forward,"6' 7"", 226 lbs",7/15/1992 (30),Tennessee,"2011: Rd 1, Pk 19 (CHA)",Active,11th Season,"Dix Hills, NY"
3064440,Chicago Bulls,Shooting Guard,"6' 5"", 200 lbs",3/10/1995 (28),UCLA,"2014: Rd 1, Pk 13 (MIN)",Active,8th Season,"Seattle, WA"
3945274,Dallas Mavericks,Point Guard,"6' 7"", 230 lbs",2/28/1999 (24),,"2018: Rd 1, Pk 3 (ATL)",Active,5th Season,"Ljubljana, Slovenia"
4277905,Atlanta Hawks,Point Guard,"6' 1"", 164 lbs",9/19/1998 (24),Oklahoma,"2018: Rd 1, Pk 5 (DAL)",Active,4th Season,"Lubbock, TX"
3149673,Toronto Raptors,Power Forward,"6' 8"", 230 lbs",4/2/1994 (29),New Mexico St,"2016: Rd 1, Pk 27 (TOR)",Active,6th Season,"Douala, Cameroon"
3907387,Brooklyn Nets,Point Guard,"6' 10"", 240 lbs",7/20/1996 (26),LSU,"2016: Rd 1, Pk 1 (PHI)",Game Time Decision,4th Season,"Melbourne, VIC"
3133628,Indiana Pacers,Center,"6' 11"", 250 lbs",3/24/1996 (27),Texas,"2015: Rd 1, Pk 11 (IND)",Active,7th Season,"Bedford, TX"
3136193,Phoenix Suns,Shooting Guard,"6' 5"", 206 lbs",10/30/1996 (26),Kentucky,"2015: Rd 1, Pk 13 (PHX)",Active,7th Season,"Grand Rapids, MI"
3136195,Minnesota Timberwolves,Center,"7' 0"", 248 lbs",11/15/1995 (27),Kentucky,"2015: Rd 1, Pk 1 (MIN)",Active,7th Season,"Edison, NJ"
3102531,Boston Celtics,Center,"7' 3"", 240 lbs",8/2/1995 (27),,"2015: Rd 1, Pk 4 (NY)",Active,6th Season,"Liepaja, Latvia"
3995,Milwaukee Bucks,Point Guard,"6' 4"", 205 lbs",6/12/1990 (33),UCLA,"2009: Rd 1, Pk 17 (PHI)",Active,13th Season,"Chatsworth, CA"
3059318,Philadelphia 76ers,Center,"7' 0"", 280 lbs",3/16/1994 (29),Kansas,"2014: Rd 1, Pk 3 (PHI)",Active,6th Season,"Yaounde, Cameroon"
3059319,Golden State Warriors,Small Forward,"6' 7"", 197 lbs",2/23/1995 (28),Kansas,"2014: Rd 1, Pk 1 (CLE)",Active,8th Season,"Thornhill, ON"
2490149,New Orleans Pelicans,Shooting Guard,"6' 3"", 190 lbs",9/19/1991 (31),Lehigh,"2013: Rd 1, Pk 10 (POR)",Game Time Decision,9th Season,"Canton, OH"
3112335,Denver Nuggets,Center,"6' 11"", 284 lbs",2/19/1995 (28),,"2014: Rd 2, Pk 41 (DEN)",Active,7th Season,"Sombor, Serbia"
3992,Philadelphia 76ers,Shooting Guard,"6' 5"", 220 lbs",8/26/1989 (33),Arizona St,"2009: Rd 1, Pk 3 (OKC)",Active,13th Season,"Los Angeles, CA"
3913176,New Orleans Pelicans,Small Forward,"6' 8"", 190 lbs",9/2/1997 (25),Duke,"2016: Rd 1, Pk 2 (LAL)",Active,6th Season,"Kinston, NC"
3936299,Denver Nuggets,Point Guard,"6' 4"", 215 lbs",2/23/1997 (26),Kentucky,"2016: Rd 1, Pk 7 (DEN)",Active,5th Season,"Kitchener, ON"
3136776,Los Angeles Lakers,Point Guard,"6' 4"", 193 lbs",2/23/1996 (27),Ohio State,"2015: Rd 1, Pk 2 (LAL)",Active,7th Season,"Louisville, KY"
4278073,Oklahoma City Thunder,Point Guard,"6' 6"", 195 lbs",7/12/1998 (24),Kentucky,"2018: Rd 1, Pk 11 (CHA)",Active,4th Season,"Toronto, ON"
4278129,Phoenix Suns,Center,"7' 0"", 250 lbs",7/23/1998 (24),Arizona,"2018: Rd 1, Pk 1 (PHX)",Game Time Decision,4th Season,"Nassau, Bahamas"
4278104,Denver Nuggets,Small Forward,"6' 10"", 218 lbs",6/29/1998 (25),Missouri,"2018: Rd 1, Pk 14 (DEN)",Active,3rd Season,"Columbia, MO"
3908809,Cleveland Cavaliers,Shooting Guard,"6' 1"", 215 lbs",9/7/1996 (26),Louisville,"2017: Rd 1, Pk 13 (DEN)",Active,5th Season,"Greenwich, CT"
4066261,Miami Heat,Center,"6' 9"", 255 lbs",7/18/1997 (25),Kentucky,"2017: Rd 1, Pk 14 (MIA)",Active,5th Season,"Newark, NJ"
4249,Charlotte Hornets,Small Forward,"6' 7"", 225 lbs",3/23/1990 (33),Butler,"2010: Rd 1, Pk 9 (UTAH)",Active,12th Season,"Brownsburg, IN"
4277961,Memphis Grizzlies,Power Forward,"6' 11"", 242 lbs",9/15/1999 (23),Michigan St,"2018: Rd 1, Pk 4 (MEM)",Active,4th Season,"Plainfield, NJ"
3917376,Boston Celtics,Shooting Guard,"6' 6"", 223 lbs",10/24/1996 (26),California,"2016: Rd 1, Pk 3 (BOS)",Active,6th Season,"Marietta, GA"
2779,Washington Wizards,Point Guard,"6' 0"", 175 lbs",5/6/1985 (38),Wake Forest,"2005: Rd 1, Pk 4 (NO)",Game Time Decision,17th Season,"Winston-Salem, NC"
3012,Miami Heat,Point Guard,"6' 0"", 196 lbs",3/25/1986 (37),Villanova,"2006: Rd 1, Pk 24 (MEM)",Active,16th Season,"Philadelphia, PA"
4066259,Sacramento Kings,Point Guard,"6' 3"", 185 lbs",12/20/1997 (25),Kentucky,"2017: Rd 1, Pk 5 (SAC)",Active,5th Season,"Houston, TX"
4065648,Boston Celtics,Small Forward,"6' 8"", 210 lbs",3/3/1998 (25),Duke,"2017: Rd 1, Pk 3 (BOS)",Active,5th Season,"Saint Louis, MO"
3934672,New York Knicks,Point Guard,"6' 1"", 190 lbs",8/31/1996 (26),Villanova,"2018: Rd 2, Pk 33 (DAL)",Active,4th Season,"New Brunswick, NJ"
3978,Chicago Bulls,Small Forward,"6' 6"", 220 lbs",8/7/1989 (33),USC,"2009: Rd 1, Pk 9 (TOR)",Active,13th Season,"Compton, CA"
3213,Boston Celtics,Center,"6' 9"", 240 lbs",6/3/1986 (37),Florida,"2007: Rd 1, Pk 3 (ATL)",Active,15th Season,"Puerto Plata, Dominican Republic"
6589,Golden State Warriors,Power Forward,"6' 6"", 230 lbs",3/4/1990 (33),Michigan St,"2012: Rd 2, Pk 35 (GS)",Active,10th Season,"Saginaw, MI"
3064514,New York Knicks,Power Forward,"6' 8"", 250 lbs",11/29/1994 (28),Kentucky,"2014: Rd 1, Pk 7 (LAL)",Game Time Decision,8th Season,"Dallas, TX"
3908845,Atlanta Hawks,Power Forward,"6' 9"", 226 lbs",9/23/1997 (25),Wake Forest,"2017: Rd 1, Pk 19 (ATL)",Active,5th Season,"West Palm Beach, FL"
2990984,Indiana Pacers,Shooting Guard,"6' 4"", 220 lbs",12/17/1992 (30),Oklahoma,"2016: Rd 1, Pk 6 (NO)",Active,6th Season,"Freeport, GB"
3195,Minnesota Timberwolves,Point Guard,"6' 1"", 175 lbs",10/11/1987 (35),Ohio State,"2007: Rd 1, Pk 4 (MEM)",Active,15th Season,"Indianapolis, IN"
2566769,Boston Celtics,Point Guard,"6' 4"", 229 lbs",12/11/1992 (30),Virginia,"2016: Rd 2, Pk 36 (MIL)",Game Time Decision,6th Season,"Atlanta, GA"
4351851,Portland Trail Blazers,Shooting Guard,"6' 3"", 181 lbs",6/8/1999 (24),,"2018: Rd 1, Pk 24 (POR)",Active,3rd Season,"Altamonte Springs, FL"
6478,Chicago Bulls,Center,"6' 10"", 260 lbs",10/24/1990 (32),USC,"2011: Rd 1, Pk 16 (PHI)",Active,11th Season,"Simi Valley, CA"
3074752,Charlotte Hornets,Shooting Guard,"6' 1"", 190 lbs",3/17/1994 (29),Louisville,"2015: Rd 1, Pk 16 (BOS)",Game Time Decision,7th Season,"Youngstown, OH"
2991230,Houston Rockets,Shooting Guard,"6' 0"", 197 lbs",2/25/1994 (29),Wichita St,,Active,6th Season,"Rockford, IL"
2991070,Portland Trail Blazers,Small Forward,"6' 8"", 210 lbs",3/12/1994 (29),Syracuse,"2014: Rd 2, Pk 39 (PHI)",Active,7th Season,"Portland, OR"
3147657,Brooklyn Nets,Small Forward,"6' 6"", 209 lbs",8/30/1996 (26),Villanova,"2018: Rd 1, Pk 10 (PHI)",Active,4th Season,"Malvern, PA"
4066328,Cleveland Cavaliers,Center,"6' 9"", 243 lbs",4/21/1998 (25),Texas,"2017: Rd 1, Pk 22 (BKN)",Active,5th Season,"Round Rock, TX"
3064290,Denver Nuggets,Power Forward,"6' 8"", 235 lbs",9/16/1995 (27),Arizona,"2014: Rd 1, Pk 4 (ORL)",Active,8th Season,"San Jose, CA"
2528210,Dallas Mavericks,Small Forward,"6' 5"", 205 lbs",3/16/1992 (31),Michigan,"2013: Rd 1, Pk 24 (NY)",Active,9th Season,"Alameda, CA"
3593,Detroit Pistons,Small Forward,"6' 7"", 226 lbs",4/18/1989 (34),,"2011: Rd 2, Pk 31 (MIA)",Active,8th Season,Yugoslavia
4066421,Chicago Bulls,Point Guard,"6' 6"", 190 lbs",10/27/1997 (25),UCLA,"2017: Rd 1, Pk 2 (LAL)",Out,5th Season,"Chino Hills, CA"
2580782,Brooklyn Nets,Point Guard,"6' 6"", 215 lbs",4/6/1993 (30),Colorado,"2014: Rd 2, Pk 38 (DET)",Active,8th Season,"Woodland Hills, CA"
4238,,Shooting Guard,,12/9/1989,Kentucky,"2010: Rd 1, Pk 18 (OKC)",,,"Birmingham, AL"
2991043,Cleveland Cavaliers,Shooting Guard,"6' 6"", 205 lbs",8/25/1994 (28),Michigan,"2016: Rd 1, Pk 20 (IND)",Active,6th Season,"Pickerington, OH"
3102529,Atlanta Hawks,Center,"6' 10"", 256 lbs",5/18/1994 (29),,"2014: Rd 1, Pk 25 (HOU)",Active,8th Season,"Geneva, Switzerland"
2528794,Brooklyn Nets,Small Forward,"6' 6"", 220 lbs",9/6/1991 (31),Virginia,"2014: Rd 2, Pk 33 (CLE)",Active,8th Season,"Chelan, WA"
3155942,Sacramento Kings,Power Forward,"7' 0"", 240 lbs",5/3/1996 (27),Gonzaga,"2016: Rd 1, Pk 11 (ORL)",Game Time Decision,6th Season,"Kaunas, Lithuania"
6578,Sacramento Kings,Small Forward,"6' 8"", 225 lbs",5/30/1992 (31),North Carolina,"2012: Rd 1, Pk 7 (GS)",Active,10th Season,"Ames, IA"
6588,New York Knicks,Shooting Guard,"6' 6"", 205 lbs",10/29/1992 (30),,"2012: Rd 1, Pk 20 (DEN)",Active,10th Season,France
3037789,Atlanta Hawks,Shooting Guard,"6' 5"", 225 lbs",8/18/1992 (30),,"2014: Rd 1, Pk 27 (PHX)",Active,5th Season,"Belgrade, Serbia"
2991235,Memphis Grizzlies,Center,"6' 11"", 265 lbs",7/20/1993 (29),Pitt,"2013: Rd 1, Pk 12 (OKC)",Game Time Decision,9th Season,"Rotorua, New Zealand"
4277843,Toronto Raptors,Shooting Guard,"6' 5"", 209 lbs",1/18/1999 (24),Duke,"2018: Rd 2, Pk 37 (SAC)",Active,4th Season,"Columbus, OH"
4065654,Orlando Magic,Power Forward,"6' 10"", 230 lbs",10/3/1997 (25),Florida St,"2017: Rd 1, Pk 6 (ORL)",Game Time Decision,3rd Season,"Naples, FL"
3934719,Toronto Raptors,Small Forward,"6' 7"", 232 lbs",7/17/1997 (25),Indiana,"2017: Rd 1, Pk 23 (TOR)",Active,5th Season,"Jefferson City, MO"
2990992,Memphis Grizzlies,Point Guard,"6' 4"", 220 lbs",3/6/1994 (29),Oklahoma St,"2014: Rd 1, Pk 6 (BOS)",Active,8th Season,"Flower Mound, TX"
4351852,New York Knicks,Center,"7' 0"", 240 lbs",4/1/1998 (25),,"2018: Rd 2, Pk 36 (NY)",Active,4th Season,"Pensacola, FL"
3157465,Miami Heat,Forward,"6' 7"", 215 lbs",4/22/1994 (29),Michigan,,Active,4th Season,"York, ME"
3078576,Boston Celtics,Point Guard,"6' 4"", 190 lbs",7/2/1994 (28),Colorado,"2017: Rd 1, Pk 29 (SA)",Active,5th Season,"Parker, CO"
2595516,LA Clippers,Guard,"6' 3"", 215 lbs",5/25/1993 (30),UCLA,"2015: Rd 2, Pk 46 (MIL)",Active,7th Season,"San Diego, CA"
3907497,Atlanta Hawks,Shooting Guard,"6' 5"", 180 lbs",9/19/1996 (26),Washington,"2016: Rd 1, Pk 29 (SA)",Active,5th Season,"Seattle, WA"
4277811,Utah Jazz,Point Guard,"6' 2"", 190 lbs",1/4/1999 (24),Alabama,"2018: Rd 1, Pk 8 (CLE)",Active,4th Season,"Marietta, GA"
4066636,Orlando Magic,Point Guard,"6' 4"", 209 lbs",5/29/1998 (25),Washington,"2017: Rd 1, Pk 1 (PHI)",Active,5th Season,"Upper Marlboro, MD"
4066336,Utah Jazz,Power Forward,"7' 0"", 240 lbs",5/22/1997 (26),Arizona,"2017: Rd 1, Pk 7 (MIN)",Active,5th Season,"Jyvaskyla, Finland"
6462,LA Clippers,Small Forward,"6' 8"", 218 lbs",9/2/1989 (33),Kansas,"2011: Rd 1, Pk 14 (HOU)",Active,11th Season,"Philadelphia, PA"
6426,Oklahoma City Thunder,Small Forward,"6' 10"", 225 lbs",11/12/1992 (30),,"2011: Rd 2, Pk 42 (IND)",Active,6th Season,Latvia
3102530,Portland Trail Blazers,Center,"7' 0"", 290 lbs",8/23/1994 (28),,"2014: Rd 1, Pk 16 (CHI)",Active,7th Season,"Tuzla, Bosnia & Herzegovina"
3907822,Los Angeles Lakers,Shooting Guard,"6' 4"", 187 lbs",11/26/1996 (26),Florida St,"2016: Rd 1, Pk 19 (DEN)",Active,6th Season,"Atlanta, GA"
4397020,Oklahoma City Thunder,Guard,"6' 4"", 220 lbs",4/19/1999 (24),Arizona St,,Active,3rd Season,"Montreal, PQ"
6477,New Orleans Pelicans,Center,"6' 11"", 265 lbs",5/6/1992 (31),,"2011: Rd 1, Pk 5 (TOR)",Active,10th Season,"Utena, Lithuania"
4066372,Sacramento Kings,Shooting Guard,"6' 7"", 198 lbs",8/27/1998 (24),Maryland,"2018: Rd 1, Pk 19 (ATL)",Active,4th Season,"Albany, NY"
3913174,Memphis Grizzlies,Shooting Guard,"6' 5"", 206 lbs",6/24/1996 (27),Duke,"2017: Rd 1, Pk 12 (DET)",Game Time Decision,5th Season,"Middletown, OH"
3058254,Dallas Mavericks,Forward,"6' 9"", 214 lbs",9/27/1995 (27),UNLV,,Active,6th Season,"Palmdale, CA"
4277847,Orlando Magic,Center,"6' 10"", 270 lbs",4/16/1999 (24),Duke,"2018: Rd 1, Pk 7 (CHI)",Active,4th Season,"Atlanta, GA"
2581018,Denver Nuggets,Shooting Guard,"6' 5"", 204 lbs",2/18/1993 (30),Georgia,"2013: Rd 1, Pk 8 (DET)",Active,9th Season,"Thomaston, GA"
3448,Milwaukee Bucks,Center,"7' 0"", 282 lbs",4/1/1988 (35),Stanford,"2008: Rd 1, Pk 10 (NJ)",Active,14th Season,"North Hollywood, CA"
2528588,San Antonio Spurs,Small Forward,"6' 6"", 225 lbs",1/3/1992 (31),Creighton,"2014: Rd 1, Pk 11 (DEN)",Active,8th Season,"Grand Forks, ND"
4395628,New Orleans Pelicans,Power Forward,"6' 6"", 284 lbs",7/6/2000 (22),Duke,"2019: Rd 1, Pk 1 (NO)",Game Time Decision,2nd Season,"Salisbury, NC"
2528426,Utah Jazz,Point Guard,"6' 5"", 194 lbs",6/7/1992 (31),Missouri,"2014: Rd 2, Pk 46 (WSH)",Active,8th Season,"San Antonio, TX"
3134907,Washington Wizards,Small Forward,"6' 9"", 221 lbs",7/24/1995 (27),Utah,"2017: Rd 1, Pk 27 (BKN)",Active,5th Season,"Flint, MI"
2999547,Orlando Magic,Shooting Guard,"6' 4"", 210 lbs",9/14/1994 (28),Michigan St,"2014: Rd 1, Pk 19 (CHI)",Active,8th Season,"Fishers, IN"
3062679,New York Knicks,Shooting Guard,"6' 4"", 215 lbs",3/6/1995 (28),Villanova,"2017: Rd 1, Pk 30 (UTAH)",Active,5th Season,"Silver Spring, MD"
2578185,Brooklyn Nets,Power Forward,"6' 7"", 220 lbs",5/4/1993 (30),Florida,,Game Time Decision,6th Season,"Portsmouth, VA"
3948153,Toronto Raptors,Power Forward,"6' 9"", 200 lbs",1/11/1993 (30),Oregon,,Active,5th Season,"Montreal, PQ"
3133603,Charlotte Hornets,Shooting Guard,"6' 6"", 203 lbs",12/9/1995 (27),Kansas,"2015: Rd 1, Pk 15 (ATL)",Game Time Decision,7th Season,"Henderson, NV"
4277848,Detroit Pistons,Power Forward,"6' 10"", 235 lbs",3/14/1999 (24),Duke,"2018: Rd 1, Pk 2 (SAC)",Active,4th Season,"Phoenix, AZ"
2490620,LA Clippers,Power Forward,"6' 7"", 209 lbs",12/14/1990 (32),Tennessee St,,Active,9th Season,"Bellwood, IL"
2489663,Utah Jazz,Power Forward,"6' 11"", 240 lbs",4/19/1991 (32),Gonzaga,"2013: Rd 1, Pk 13 (DAL)",Active,9th Season,"Toronto, ON"
2581190,Miami Heat,Shooting Guard,"6' 6"", 200 lbs",9/15/1993 (29),Tennessee,"2015: Rd 2, Pk 40 (MIA)",Active,7th Season,"Edmond, OK"
3133601,San Antonio Spurs,Point Guard,"6' 1"", 195 lbs",2/22/1995 (28),Kansas,"2018: Rd 2, Pk 34 (ATL)",Active,4th Season,"Raleigh, NC"
3155526,Memphis Grizzlies,Small Forward,"6' 7"", 225 lbs",1/22/1996 (27),Oregon,"2017: Rd 2, Pk 45 (HOU)",Active,5th Season,"Mississauga, ON"
2993370,Dallas Mavericks,Forward,"6' 9"", 235 lbs",10/15/1993 (29),Bowling Green,"2015: Rd 2, Pk 37 (PHI)",Active,7th Season,"Lockport, IL"
2531367,Dallas Mavericks,Center,"6' 10"", 240 lbs",7/20/1991 (31),Stanford,"2014: Rd 2, Pk 45 (CHA)",Active,8th Season,"Toronto, ON"
4432573,Orlando Magic,Power Forward,"6' 10"", 250 lbs",11/12/2002 (20),Duke,"2022: Rd 1, Pk 1 (ORL)",Active,Rookie,"Seattle, WA"
4066211,Boston Celtics,Center,"6' 9"", 237 lbs",10/17/1997 (25),Texas A&M,"2018: Rd 1, Pk 27 (BOS)",Active,4th Season,"Shreveport, LA"
4395625,New York Knicks,Shooting Guard,"6' 6"", 214 lbs",6/14/2000 (23),Duke,"2019: Rd 1, Pk 3 (NY)",Active,3rd Season,"Toronto, ON"
3064482,Milwaukee Bucks,Forward,"6' 10"", 250 lbs",2/10/1995 (28),Arkansas,"2015: Rd 1, Pk 22 (CHI)",Active,7th Season,"Little Rock, AR"
3416,LA Clippers,Power Forward,"6' 8"", 230 lbs",12/14/1988 (34),,"2008: Rd 1, Pk 25 (HOU)",Active,14th Season,"Lisieux, France"
4594268,Minnesota Timberwolves,Shooting Guard,"6' 4"", 225 lbs",8/5/2001 (21),Georgia,"2020: Rd 1, Pk 1 (MIN)",Active,2nd Season,"Atlanta, GA"
4432166,Detroit Pistons,Point Guard,"6' 7"", 220 lbs",9/25/2001 (21),Oklahoma St,"2021: Rd 1, Pk 1 (DET)",Game Time Decision,1st Season,"Arlington, TX"
3033,Philadelphia 76ers,Power Forward,"6' 5"", 245 lbs",5/5/1985 (38),Texas,"2006: Rd 2, Pk 35 (TOR)",Active,11th Season,"Raleigh, NC"
4277919,,Center,,5/12/1998,Texas,"2018: Rd 1, Pk 6 (ORL)",,,"Harlem, NY"
4396991,Utah Jazz,Shooting Guard,"6' 4"", 234 lbs",11/25/2000 (22),Iowa State,"2019: Rd 2, Pk 46 (ORL)",Active,3rd Season,"Chicago, IL"
4257,,Forward,,7/15/1991,Georgia Tech,"2010: Rd 1, Pk 3 (NJ)",,,"Atlanta, GA"
6581,Milwaukee Bucks,Power Forward,"6' 6"", 235 lbs",7/6/1990 (32),Marquette,"2012: Rd 2, Pk 34 (CLE)",Active,10th Season,"Villa Rica, GA"
4017837,LA Clippers,Center,"7' 0"", 240 lbs",3/18/1997 (26),,"2016: Rd 2, Pk 32 (LAL)",Active,6th Season,"Mostar, Bosnia & Herzegovina"
6429,Detroit Pistons,Shooting Guard,"6' 6"", 214 lbs",7/20/1991 (31),Colorado,"2011: Rd 1, Pk 12 (UTAH)",Game Time Decision,11th Season,"Grandview, MO"
2528779,Dallas Mavericks,Small Forward,"6' 6"", 205 lbs",3/16/1991 (32),North Carolina,"2013: Rd 1, Pk 25 (LAC)",Active,9th Season,"Baltimore, MD"
4433255,Oklahoma City Thunder,Power Forward,"7' 1"", 195 lbs",5/1/2002 (21),Gonzaga,"2022: Rd 1, Pk 2 (OKC)",Game Time Decision,Rookie,"Minneapolis, MN"
4065732,Atlanta Hawks,Small Forward,"6' 8"", 221 lbs",12/2/1997 (25),Virginia,"2019: Rd 1, Pk 4 (LAL)",Active,3rd Season,"Philadelphia, PA"
2580365,New Orleans Pelicans,Power Forward,"6' 8"", 245 lbs",1/1/1993 (30),Wyoming,"2015: Rd 1, Pk 27 (LAL)",Active,7th Season,"Akron, OH"
4279888,Memphis Grizzlies,Point Guard,"6' 3"", 174 lbs",8/10/1999 (23),Murray St,"2019: Rd 1, Pk 2 (MEM)",Out,3rd Season,"Dalzell, SC"
4432808,Detroit Pistons,Center,"7' 0"", 240 lbs",3/31/2001 (22),Memphis,"2020: Rd 1, Pk 2 (GS)",Active,2nd Season,"Nashville, TN"
3914044,Washington Wizards,Shooting Guard,"6' 4"", 190 lbs",3/13/1997 (26),Wichita St,"2018: Rd 1, Pk 26 (PHI)",Active,4th Season,"Kansas City, MO"
4066262,Sacramento Kings,Shooting Guard,"6' 3"", 200 lbs",2/4/1998 (25),Kentucky,"2017: Rd 1, Pk 11 (CHA)",Active,5th Season,"Lepanto, AR"
4437244,Houston Rockets,Shooting Guard,"6' 4"", 186 lbs",2/9/2002 (21),,"2021: Rd 1, Pk 2 (HOU)",Active,2nd Season,"Merced, CA"
3134908,Toronto Raptors,Center,"7' 1"", 245 lbs",10/15/1995 (27),Utah,"2016: Rd 1, Pk 9 (TOR)",Active,6th Season,"Vienna, Austria"
3032978,Oklahoma City Thunder,Power Forward,"6' 10"", 225 lbs",4/8/1994 (29),,"2014: Rd 1, Pk 12 (ORL)",Active,5th Season,"Sibenik, Croatia"
2991280,,Center,,4/10/1994,Kentucky,"2013: Rd 1, Pk 6 (NO)",,,"Malden, MA"
2583632,Brooklyn Nets,Power Forward,"6' 6"", 226 lbs",6/5/1993 (30),Baylor,,Active,5th Season,"Killeen, TX"
3059310,Washington Wizards,Point Guard,"6' 2"", 183 lbs",6/27/1995 (28),Iowa State,"2017: Rd 2, Pk 51 (DEN)",Active,5th Season,"Grand Rapids, MI"
2488653,LA Clippers,Center,"7' 0"", 254 lbs",3/5/1990 (33),Duke,"2013: Rd 1, Pk 22 (BKN)",Active,9th Season,"Fort Wayne, IN"
2991350,Chicago Bulls,Shooting Guard,"6' 5"", 186 lbs",2/28/1994 (29),Texas A&M,,Active,5th Season,"College Station, TX"
2960236,Dallas Mavericks,Power Forward,"6' 10"", 240 lbs",1/29/1992 (31),,,Active,5th Season,"Wurzburg, Germany"
4396907,Cleveland Cavaliers,Point Guard,"6' 1"", 192 lbs",1/26/2000 (23),Vanderbilt,"2019: Rd 1, Pk 5 (CLE)",Active,3rd Season,"Gary, IN"
4432639,Houston Rockets,Power Forward,"6' 11"", 220 lbs",5/13/2003 (20),Auburn,"2022: Rd 1, Pk 3 (HOU)",Active,Rookie,"Fayetteville, GA"
2993874,Minnesota Timberwolves,Small Forward,"6' 9"", 230 lbs",9/20/1993 (29),UCLA,"2014: Rd 1, Pk 30 (SA)",Game Time Decision,8th Season,"Fairview, NJ"
2527963,Miami Heat,Shooting Guard,"6' 4"", 213 lbs",5/4/1992 (31),Indiana,"2013: Rd 1, Pk 2 (ORL)",Game Time Decision,9th Season,"Silver Spring, MD"
2451037,Indiana Pacers,Center,"6' 8"", 245 lbs",4/4/1992 (31),,,Active,5th Season,"Salzgitter, Germany"
4432816,Charlotte Hornets,Point Guard,"6' 7"", 180 lbs",8/22/2001 (21),,"2020: Rd 1, Pk 3 (CHA)",Game Time Decision,2nd Season,"Chino Hills, CA"
4278067,Brooklyn Nets,Center,"6' 11"", 215 lbs",4/17/1999 (24),Georgia,"2019: Rd 2, Pk 31 (BKN)",Active,3rd Season,"Greenville, SC"
3135045,Milwaukee Bucks,Shooting Guard,"6' 4"", 198 lbs",10/8/1995 (27),Duke,"2018: Rd 1, Pk 21 (UTAH)",Active,4th Season,"Jacksonville, FL"
2326307,Dallas Mavericks,Shooting Guard,"6' 1"", 185 lbs",8/23/1990 (32),Duke,,Active,8th Season,"Charlotte, NC"
4432158,Cleveland Cavaliers,Power Forward,"6' 11"", 215 lbs",6/18/2001 (22),USC,"2021: Rd 1, Pk 3 (CLE)",Active,1st Season,"Murrieta, CA"
3134903,Golden State Warriors,Shooting Guard,"6' 2"", 195 lbs",12/1/1992 (30),Oregon St,,Active,6th Season,"Las Vegas, NV"
4066436,Philadelphia 76ers,Shooting Guard,"6' 2"", 200 lbs",5/28/1998 (25),USC,"2018: Rd 2, Pk 46 (HOU)",Active,4th Season,"North Hollywood, CA"
2530530,Indiana Pacers,Point Guard,"6' 1"", 190 lbs",3/25/1992 (31),Arizona,,Active,7th Season,"Pittsburgh, PA"
4594327,Sacramento Kings,Small Forward,"6' 8"", 215 lbs",8/19/2000 (22),Iowa,"2022: Rd 1, Pk 4 (SAC)",Active,Rookie,"Cedar Rapids, IA"
3244,Toronto Raptors,Power Forward,"6' 8"", 235 lbs",6/21/1988 (35),Georgia Tech,"2007: Rd 1, Pk 12 (PHI)",Active,15th Season,"New Orleans, LA"
2990962,Los Angeles Lakers,Power Forward,"6' 6"", 218 lbs",3/22/1994 (29),Baylor,"2016: Rd 1, Pk 12 (UTAH)",Active,6th Season,"San Marcos, TX"
3155535,Golden State Warriors,Forward,"6' 9"", 222 lbs",2/6/1996 (27),UCLA,"2015: Rd 1, Pk 30 (GS)",Active,7th Season,"Milwaukee, WI"
4222252,New York Knicks,Center,"7' 0"", 250 lbs",5/5/1998 (25),,"2017: Rd 2, Pk 43 (HOU)",Active,3rd Season,"Eugene, OR"
3064447,Washington Wizards,Shooting Guard,"6' 5"", 185 lbs",4/26/1992 (31),Utah,"2015: Rd 1, Pk 20 (TOR)",Active,7th Season,"Los Angeles, CA"
4431687,Chicago Bulls,Power Forward,"6' 7"", 215 lbs",8/26/2001 (21),Florida St,"2020: Rd 1, Pk 4 (CHI)",Active,2nd Season,"Charlotte, NC"
4433134,Toronto Raptors,Small Forward,"6' 8"", 225 lbs",8/1/2001 (21),Florida St,"2021: Rd 1, Pk 4 (TOR)",Active,1st Season,"West Palm Beach, FL"
3893016,Cleveland Cavaliers,Small Forward,"6' 7"", 230 lbs",4/8/1995 (28),,"2015: Rd 2, Pk 31 (MIN)",Active,5th Season,"Ohrid, Macedonia"
4395651,Chicago Bulls,Point Guard,"6' 5"", 195 lbs",2/16/2000 (23),North Carolina,"2019: Rd 1, Pk 7 (CHI)",Active,3rd Season,"Goldsboro, NC"
2968439,,Center,,12/9/1986,Washington St,,,,"Gisborne, New Zealand"
4066650,San Antonio Spurs,Power Forward,"6' 11"", 250 lbs",11/19/1997 (25),Gonzaga,"2017: Rd 1, Pk 10 (SAC)",Game Time Decision,4th Season,"Las Vegas, NV"
4433218,Detroit Pistons,Point Guard,"6' 4"", 195 lbs",2/13/2002 (21),Purdue,"2022: Rd 1, Pk 5 (DET)",Active,1st Season,"South Bend, IN"
3136777,Houston Rockets,Small Forward,"6' 5"", 230 lbs",10/28/1995 (27),Ohio State,,Game Time Decision,2nd Season,"Pickerington, OH"
4432822,Cleveland Cavaliers,Small Forward,"6' 5"", 225 lbs",1/26/2001 (22),Auburn,"2020: Rd 1, Pk 5 (CLE)",Active,2nd Season,"Powder Springs, GA"
3138161,Charlotte Hornets,Small Forward,"6' 6"", 205 lbs",9/28/1995 (27),Nevada,"2019: Rd 2, Pk 36 (CHA)",Game Time Decision,3rd Season,"Mocksville, NC"
4432165,Orlando Magic,Shooting Guard,"6' 5"", 205 lbs",6/3/2001 (22),Gonzaga,"2021: Rd 1, Pk 5 (ORL)",Active,1st Season,"Saint Paul, MN"
4397077,New Orleans Pelicans,Center,"7' 0"", 220 lbs",5/23/2000 (23),Texas,"2019: Rd 1, Pk 8 (ATL)",Active,3rd Season,"Norman, OK"
2578240,San Antonio Spurs,Center,"6' 8"", 233 lbs",9/28/1992 (30),UNLV,,Active,5th Season,"Montreal, PQ"
4683634,Indiana Pacers,Shooting Guard,"6' 5"", 210 lbs",6/19/2002 (21),Arizona,"2022: Rd 1, Pk 6 (IND)",Active,Rookie,"Montreal, PQ"
3428,Washington Wizards,Power Forward,"6' 10"", 236 lbs",8/8/1988 (34),,"2008: Rd 1, Pk 6 (NY)",Game Time Decision,13th Season,"Sant'Angelo Lodigiano, Italy"
4004,Brooklyn Nets,Point Guard,"6' 0"", 180 lbs",8/11/1988 (34),Saint Mary's,"2009: Rd 2, Pk 55 (POR)",Active,13th Season,"Canberra, ACT"
2968436,Orlando Magic,Shooting Guard,"6' 8"", 220 lbs",10/2/1987 (35),,,Active,8th Season,"Adelaide, SA"
3138160,Miami Heat,Small Forward,"6' 5"", 205 lbs",9/28/1995 (27),Nevada,,Active,3rd Season,"Mocksville, NC"
4277890,Los Angeles Lakers,Guard,"6' 4"", 204 lbs",12/14/1998 (24),Miami,"2018: Rd 1, Pk 18 (SA)",Active,4th Season,"Reading, PA"
4237,,Point Guard,,9/6/1990,Kentucky,"2010: Rd 1, Pk 1 (WSH)",,,"Raleigh, NC"
4065670,Indiana Pacers,Small Forward,"6' 4"", 202 lbs",8/15/1996 (26),Miami,"2018: Rd 2, Pk 42 (DET)",Active,4th Season,"Boston, MA"
4431680,Atlanta Hawks,Power Forward,"6' 9"", 240 lbs",12/11/2000 (22),USC,"2020: Rd 1, Pk 6 (ATL)",Active,2nd Season,"Chino, CA"
4277928,,Guard,,2/20/1999,Texas Tech,"2019: Rd 1, Pk 6 (PHX)",,,"Dallas, TX"
4871145,Oklahoma City Thunder,Shooting Guard,"6' 8"", 216 lbs",10/10/2002 (20),,"2021: Rd 1, Pk 6 (OKC)",Active,1st Season,
4066648,Los Angeles Lakers,Power Forward,"6' 8"", 230 lbs",2/8/1998 (25),Gonzaga,"2019: Rd 1, Pk 9 (WSH)",Active,3rd Season,"Toyama, Japan"
3005,Utah Jazz,Small Forward,"6' 8"", 250 lbs",8/17/1986 (36),UConn,"2006: Rd 1, Pk 8 (HOU)",Active,16th Season,"Baltimore, MD"
4914336,Portland Trail Blazers,Shooting Guard,"6' 5"", 200 lbs",5/30/2003 (20),Kentucky,"2022: Rd 1, Pk 7 (POR)",Active,Rookie,"London, ON"
2594922,Toronto Raptors,Small Forward,"6' 8"", 198 lbs",6/3/1993 (30),Georgetown,"2013: Rd 1, Pk 3 (WSH)",Game Time Decision,9th Season,"Saint Louis, MO"
3064230,Phoenix Suns,Point Guard,"6' 1"", 183 lbs",8/8/1994 (28),Murray St,"2015: Rd 1, Pk 14 (OKC)",Active,7th Season,"Bartlett, TN"
4395627,Los Angeles Lakers,Small Forward,"6' 8"", 217 lbs",9/1/1999 (23),Duke,"2019: Rd 1, Pk 10 (ATL)",Active,3rd Season,"Norristown, PA"
3138196,Brooklyn Nets,Small Forward,"6' 8"", 210 lbs",3/3/1996 (27),North Carolina,"2019: Rd 1, Pk 11 (MIN)",Active,3rd Season,"Moon Township, PA"
4011,Cleveland Cavaliers,Point Guard,"6' 2"", 190 lbs",10/21/1990 (32),,"2009: Rd 1, Pk 5 (MIN)",Active,11th Season,"Barcelona, Spain"
4278075,Portland Trail Blazers,Small Forward,"6' 7"", 215 lbs",8/11/1999 (23),Kentucky,"2018: Rd 1, Pk 9 (NY)",Active,4th Season,"Phoenix, AZ"
4278078,Charlotte Hornets,Power Forward,"6' 7"", 230 lbs",8/23/1998 (24),Kentucky,"2019: Rd 1, Pk 12 (CHA)",Game Time Decision,3rd Season,"Louisville, KY"
4433247,Golden State Warriors,Power Forward,"6' 7"", 225 lbs",10/6/2002 (20),,"2021: Rd 1, Pk 7 (GS)",Active,1st Season,"Goma, Democratic Republic of Congo"
2578239,Milwaukee Bucks,Shooting Guard,"6' 5"", 209 lbs",1/6/1993 (30),Notre Dame,"2015: Rd 2, Pk 41 (BKN)",Active,7th Season,"Arlington, MA"
4395725,Miami Heat,Point Guard,"6' 5"", 195 lbs",1/20/2000 (23),Kentucky,"2019: Rd 1, Pk 13 (MIA)",Active,3rd Season,"Milwaukee, WI"
4397008,San Antonio Spurs,Shooting Guard,"6' 5"", 216 lbs",10/25/1999 (23),Indiana,"2019: Rd 1, Pk 14 (BOS)",Active,3rd Season,"New Albany, IN"
4683024,Detroit Pistons,Point Guard,"6' 5"", 195 lbs",7/27/2001 (21),,"2020: Rd 1, Pk 7 (DET)",Active,2nd Season,"Lakeland, FL"
4869342,New Orleans Pelicans,Guard,"6' 7"", 199 lbs",3/17/2003 (20),,"2022: Rd 1, Pk 8 (NO)",Active,Rookie,"Bendigo, VIC"
3452,Dallas Mavericks,Center,"7' 0"", 270 lbs",1/19/1988 (35),Nevada,"2008: Rd 1, Pk 18 (WSH)",Active,14th Season,"Flint, MI"
4278355,New York Knicks,Power Forward,"6' 9"", 220 lbs",3/4/1998 (25),Dayton,"2020: Rd 1, Pk 8 (NY)",Active,2nd Season,"Brooklyn, NY"
4566434,Orlando Magic,Small Forward,"6' 10"", 220 lbs",8/27/2001 (21),Michigan,"2021: Rd 1, Pk 8 (ORL)",Active,1st Season,"Berlin, Germany"
3056247,Washington Wizards,Guard,"6' 3"", 190 lbs",8/3/1995 (27),Oakland,,Active,2nd Season,"Chicago, IL"
4080610,Detroit Pistons,Shooting Guard,"6' 5"", 202 lbs",7/31/1998 (24),Kentucky,"2018: Rd 2, Pk 45 (BKN)",Game Time Decision,4th Season,"Queens, NY"
6446,Detroit Pistons,Point Guard,"6' 3"", 200 lbs",8/20/1991 (31),Texas,"2011: Rd 1, Pk 29 (SA)",Active,11th Season,"Henderson, NV"
2528693,Phoenix Suns,Small Forward,"6' 7"", 221 lbs",12/19/1990 (32),SC Upstate,,Active,5th Season,"Columbia, SC"
4610139,San Antonio Spurs,Forward,"6' 8"", 230 lbs",5/20/2003 (20),Baylor,"2022: Rd 1, Pk 9 (SA)",Active,Rookie,"Milton Keynes, England"
3062744,,Small Forward,,1/14/1993,Cal Poly,,,,"Los Angeles, CA"
4278039,Minnesota Timberwolves,Shooting Guard,"6' 5"", 205 lbs",9/2/1998 (24),Virginia Tech,"2019: Rd 1, Pk 17 (BKN)",Active,3rd Season,"Toronto, ON"
3929325,Philadelphia 76ers,Shooting Guard,"6' 7"", 202 lbs",7/24/1997 (25),,"2016: Rd 1, Pk 26 (PHI)",Active,5th Season,"Bakirkoy, Turkey"
3102528,,Point Guard,,7/13/1995,,"2014: Rd 1, Pk 5 (UTAH)",,,"Melbourne, VIC"
2799,,Shooting Guard,,10/27/1986,,"2005: Rd 2, Pk 45 (PHI)",,,"Memphis, TN"
4683021,Washington Wizards,Small Forward,"6' 9"", 210 lbs",1/3/2001 (22),,"2020: Rd 1, Pk 9 (WSH)",Active,2nd Season,"Tel Aviv, Israel"
4023,New Orleans Pelicans,Small Forward,"6' 6"", 195 lbs",5/8/1986 (37),LSU,,Active,12th Season,"Baton Rouge, LA"
4278053,Sacramento Kings,Point Guard,"6' 0"", 202 lbs",9/5/1998 (24),Baylor,"2021: Rd 1, Pk 9 (SAC)",Active,1st Season,"Hinesville, GA"
4432356,Washington Wizards,Guard,"6' 4"", 195 lbs",2/27/2002 (21),Wisconsin,"2022: Rd 1, Pk 10 (WSH)",Active,Rookie,"La Crosse, WI"
4305,Denver Nuggets,Point Guard,"6' 0"", 175 lbs",7/5/1988 (34),Wake Forest,,Active,12th Season,"Concord, NC"
4397189,Indiana Pacers,Power Forward,"6' 9"", 215 lbs",3/16/2000 (23),Maryland,"2020: Rd 1, Pk 10 (PHX)",Active,2nd Season,"Baltimore, MD"
4433137,Memphis Grizzlies,Forward,"6' 9"", 185 lbs",9/12/2001 (21),Stanford,"2021: Rd 1, Pk 10 (NO)",Active,1st Season,"Lancaster, CA"
4997526,Oklahoma City Thunder,Forward,"6' 9"", 185 lbs",5/21/2003 (20),,"2022: Rd 1, Pk 11 (NY)",Active,Rookie,
6591,,Small Forward,,5/11/1993,St John's,"2012: Rd 1, Pk 15 (PHI)",,,"Queens, NY"
3934673,Golden State Warriors,Shooting Guard,"6' 4"", 203 lbs",1/31/1997 (26),Villanova,"2018: Rd 1, Pk 17 (MIL)",Active,4th Season,"Newark, DE"
3209,Denver Nuggets,Power Forward,"6' 8"", 235 lbs",8/28/1986 (36),Georgetown,"2007: Rd 1, Pk 5 (BOS)",Active,14th Season,"Hyattsville, MD"
4395630,San Antonio Spurs,Shooting Guard,"6' 5"", 200 lbs",8/23/2000 (22),Florida St,"2020: Rd 1, Pk 11 (SA)",Active,2nd Season,"Suwanee, GA"
3907498,Portland Trail Blazers,Shooting Guard,"6' 5"", 201 lbs",3/4/1997 (26),Washington,"2019: Rd 1, Pk 20 (BOS)",Active,3rd Season,"Issaquah, WA"
4278077,Los Angeles Lakers,Power Forward,"6' 8"", 214 lbs",4/3/1999 (24),Kentucky,"2018: Rd 2, Pk 41 (ORL)",Active,4th Season,"Houston, TX"
4431712,Charlotte Hornets,Shooting Guard,"6' 4"", 190 lbs",9/18/2000 (22),UConn,"2021: Rd 1, Pk 11 (CHA)",Active,1st Season,"Brooklyn, NY"
3906665,Memphis Grizzlies,Power Forward,"6' 8"", 215 lbs",9/19/1996 (26),Gonzaga,"2019: Rd 1, Pk 21 (OKC)",Out,3rd Season,"Vancouver, BC"
4593803,Oklahoma City Thunder,Forward,"6' 6"", 195 lbs",4/14/2001 (22),Santa Clara,"2022: Rd 1, Pk 12 (OKC)",Active,Rookie,"Gilbert, AZ"
4066218,Boston Celtics,Power Forward,"6' 6"", 236 lbs",11/30/1998 (24),Tennessee,"2019: Rd 1, Pk 22 (BOS)",Game Time Decision,3rd Season,"Charlotte, NC"
4423545,Phoenix Suns,Power Forward,"6' 9"", 216 lbs",6/12/2000 (23),,"2019: Rd 1, Pk 23 (UTAH)",Active,3rd Season,"Boston, MA"
4065733,Golden State Warriors,Shooting Guard,"6' 5"", 195 lbs",7/8/1997 (25),Virginia,"2019: Rd 1, Pk 24 (PHI)",Active,3rd Season,"New Rochelle, NY"
4396993,Indiana Pacers,Point Guard,"6' 5"", 185 lbs",2/29/2000 (23),Iowa State,"2020: Rd 1, Pk 12 (SAC)",Active,2nd Season,"Oshkosh, WI"
4395652,Portland Trail Blazers,Small Forward,"6' 5"", 220 lbs",2/11/2000 (23),North Carolina,"2019: Rd 1, Pk 25 (POR)",Game Time Decision,2nd Season,"Orange Park, FL"
4702176,,Shooting Guard,,12/24/2002,Alabama,"2021: Rd 1, Pk 12 (SA)",,,"Toronto, ON"
4433621,Detroit Pistons,Center,"6' 11"", 250 lbs",11/18/2003 (19),Memphis,"2022: Rd 1, Pk 13 (CHA)",Active,Rookie,"Sharon Hill, PA"
2991155,Philadelphia 76ers,Small Forward,"6' 6"", 220 lbs",6/7/1993 (30),Texas A&M,,Active,6th Season,"Fresno, TX"
3135047,Portland Trail Blazers,Power Forward,"6' 6"", 222 lbs",3/26/1996 (27),Duke,"2015: Rd 1, Pk 10 (MIA)",Game Time Decision,6th Season,"Houston, TX"
3906786,Cleveland Cavaliers,Shooting Guard,"6' 7"", 196 lbs",9/22/1996 (26),Belmont,"2019: Rd 1, Pk 26 (CLE)",Game Time Decision,2nd Season,"Indianapolis, IN"
3149010,,Small Forward,,4/26/1996,Boise St,"2018: Rd 1, Pk 22 (CHI)",,,"Mission Viejo, CA"
4395698,New Orleans Pelicans,Point Guard,"6' 1"", 170 lbs",4/6/2001 (22),Alabama,"2020: Rd 1, Pk 13 (NO)",Active,2nd Season,"Meridianville, AL"
3919454,Sacramento Kings,Shooting Guard,"6' 4"", 201 lbs",5/16/1997 (26),Ole Miss,,Active,3rd Season,"Southaven, MS"
3438,Indiana Pacers,Point Guard,"6' 4"", 188 lbs",5/4/1986 (37),IUPUI,"2008: Rd 1, Pk 26 (SA)",Active,14th Season,"Indianapolis, IN"
4592402,Indiana Pacers,Shooting Guard,"6' 5"", 190 lbs",6/13/1997 (26),Oregon,"2021: Rd 1, Pk 13 (IND)",Active,1st Season,"Puerto Plata, Dominican Republic"
4397018,Utah Jazz,Guard,"6' 5"", 215 lbs",4/20/2000 (23),Kansas,"2022: Rd 1, Pk 14 (CLE)",Active,Rookie,"Kansas City, MO"
2596107,Sacramento Kings,Center,"7' 1"", 250 lbs",6/16/1993 (30),Maryland,"2013: Rd 1, Pk 5 (PHX)",Active,9th Season,"Antratsit, Ukraine"
4277956,Golden State Warriors,Shooting Guard,"6' 4"", 194 lbs",6/19/1999 (24),Michigan,"2019: Rd 1, Pk 28 (GS)",Active,3rd Season,"Milwaukee, WI"
4395723,San Antonio Spurs,Small Forward,"6' 5"", 220 lbs",10/11/1999 (23),Kentucky,"2019: Rd 1, Pk 29 (SA)",Active,3rd Season,"South Hill, VA"
4396909,Indiana Pacers,Small Forward,"6' 5"", 215 lbs",10/16/1999 (23),Vanderbilt,"2020: Rd 1, Pk 14 (BOS)",Active,2nd Season,"Charleston, SC"
4701232,Charlotte Hornets,Center,"7' 0"", 240 lbs",12/16/2001 (21),Duke,"2022: Rd 1, Pk 15 (CHA)",Game Time Decision,Rookie,"Virginia Beach, VA"
3929321,,Small Forward,,2/8/1995,,,,,
4432809,Orlando Magic,Point Guard,"6' 3"", 185 lbs",5/15/2000 (23),North Carolina,"2020: Rd 1, Pk 15 (ORL)",Active,2nd Season,"New York, NY"
4423314,,Small Forward,,12/23/2000,,"2019: Rd 1, Pk 15 (DET)",,,"Conakry, Guinea"
4432171,Golden State Warriors,Shooting Guard,"6' 5"", 211 lbs",5/31/2002 (21),Arkansas,"2021: Rd 1, Pk 14 (GS)",Active,1st Season,"Little Rock, AR"
4280151,Washington Wizards,Small Forward,"6' 6"", 224 lbs",3/3/1999 (24),Gonzaga,"2021: Rd 1, Pk 15 (WSH)",Active,1st Season,"Edmonds, WA"
4432585,Atlanta Hawks,Forward,"6' 6"", 220 lbs",8/25/2003 (19),Duke,"2022: Rd 1, Pk 16 (ATL)",Active,Rookie,"White Plains, NY"
2490089,Washington Wizards,Center,"6' 11"", 240 lbs",7/1/1991 (32),Bucknell,"2013: Rd 2, Pk 44 (DAL)",Active,9th Season,"Saint Louis Park, MN"
2990969,Cleveland Cavaliers,Small Forward,"6' 7"", 230 lbs",6/17/1993 (30),Iowa State,"2016: Rd 2, Pk 50 (IND)",Active,6th Season,"Methuen, MA"
4278052,Orlando Magic,Power Forward,"6' 8"", 229 lbs",8/18/1998 (24),Auburn,"2019: Rd 1, Pk 16 (ORL)",Active,2nd Season,"Atlanta, GA"
4432810,Detroit Pistons,Center,"6' 8"", 250 lbs",5/22/2001 (22),Washington,"2020: Rd 1, Pk 16 (POR)",Game Time Decision,2nd Season,"Rochester, NY"
4066387,LA Clippers,Shooting Guard,"6' 7"", 210 lbs",6/17/1997 (26),Minnesota,,Active,3rd Season,"Hopkins, MN"
4871144,Houston Rockets,Center,"6' 11"", 243 lbs",7/25/2002 (20),,"2021: Rd 1, Pk 16 (OKC)",Active,1st Season,
4433192,Houston Rockets,Forward,"6' 8"", 215 lbs",5/10/2001 (22),LSU,"2022: Rd 1, Pk 17 (HOU)",Active,Rookie,"Los Angeles, CA"
4683018,Oklahoma City Thunder,Forward,"7' 0"", 190 lbs",12/26/2001 (21),,"2020: Rd 1, Pk 17 (MIN)",Game Time Decision,2nd Season,"Sabac, Serbia"
2579260,,Point Guard,,11/12/1992,Michigan,"2013: Rd 1, Pk 9 (MIN)",,,"Columbus, OH"
4397140,Houston Rockets,Shooting Guard,"6' 4"", 203 lbs",5/4/2000 (23),USC,"2019: Rd 1, Pk 30 (MIL)",Active,3rd Season,"Seattle, WA"
4397688,New Orleans Pelicans,Shooting Guard,"6' 8"", 206 lbs",6/18/2000 (23),Virginia,"2021: Rd 1, Pk 17 (MEM)",Active,1st Season,"Durham, NC"
3899664,Utah Jazz,Forward,"6' 7"", 209 lbs",12/9/1995 (27),,,Active,Rookie,"L'aquila, Italy"
3936099,Chicago Bulls,Small Forward,"6' 6"", 210 lbs",2/15/1997 (26),UNLV,,Active,6th Season,"Chester, PA"
6585,Chicago Bulls,Center,"6' 11"", 279 lbs",8/10/1993 (29),UConn,"2012: Rd 1, Pk 9 (DET)",Active,10th Season,"Mount Vernon, NY"
4433159,Chicago Bulls,Forward,"6' 7"", 195 lbs",7/12/2002 (20),Arizona,"2022: Rd 1, Pk 18 (CHI)",Active,Rookie,"Phoenix, AZ"
3449,Miami Heat,Power Forward,"6' 8"", 251 lbs",9/7/1988 (34),UCLA,"2008: Rd 1, Pk 5 (MEM)",Active,14th Season,"Santa Monica, CA"
4432811,Dallas Mavericks,Shooting Guard,"6' 7"", 200 lbs",11/16/2000 (22),Arizona,"2020: Rd 1, Pk 18 (DAL)",Active,2nd Season,"Sydney, NSW"
4592691,Memphis Grizzlies,Forward,"6' 8"", 235 lbs",11/3/2001 (21),Wake Forest,"2022: Rd 1, Pk 19 (MIN)",Game Time Decision,Rookie,"Indianapolis, IN"
4432819,Oklahoma City Thunder,Point Guard,"6' 3"", 178 lbs",2/3/2001 (22),Florida,"2021: Rd 1, Pk 18 (OKC)",Active,1st Season,"Gainesville, FL"
3057187,,Small Forward,,2/10/1995,SMU,"2017: Rd 2, Pk 46 (PHI)",,,"Maywood, IL"
4277883,Indiana Pacers,Small Forward,"6' 8"", 225 lbs",9/9/1998 (24),Louisville,"2020: Rd 2, Pk 45 (MIL)",Active,2nd Season,"Buffalo, NY"
4423309,Utah Jazz,Forward,"6' 10"", 227 lbs",1/9/2000 (23),,"2019: Rd 1, Pk 19 (SA)",Active,Rookie,"Zagreb, Croatia"
4397136,Atlanta Hawks,Small Forward,"6' 7"", 215 lbs",4/9/1999 (24),Villanova,"2020: Rd 1, Pk 19 (BKN)",Active,2nd Season,"Largo, MD"
4565201,San Antonio Spurs,Guard,"6' 4"", 180 lbs",5/12/2003 (20),Ohio State,"2022: Rd 1, Pk 20 (SA)",Active,Rookie,"Columbus, OH"
4431699,Charlotte Hornets,Power Forward,"6' 11"", 221 lbs",1/19/2001 (22),Texas,"2021: Rd 1, Pk 19 (NY)",Active,1st Season,"Nassau, Bahamas"
4431679,Toronto Raptors,Power Forward,"6' 8"", 225 lbs",9/19/1999 (23),Memphis,"2020: Rd 1, Pk 20 (MIA)",Active,2nd Season,"Queens, NY"
4431767,Denver Nuggets,Guard,"6' 6"", 220 lbs",4/17/2001 (22),Kansas,"2022: Rd 1, Pk 21 (DEN)",Active,Rookie,"Burlington, KS"
4701230,Atlanta Hawks,Small Forward,"6' 8"", 219 lbs",12/18/2001 (21),Duke,"2021: Rd 1, Pk 20 (ATL)",Active,1st Season,"Milwaukee, WI"
4431678,Philadelphia 76ers,Point Guard,"6' 2"", 200 lbs",11/4/2000 (22),Kentucky,"2020: Rd 1, Pk 21 (PHI)",Active,2nd Season,"Garland, TX"
4277952,Atlanta Hawks,Power Forward,"6' 10"", 240 lbs",8/15/1998 (24),Maryland,"2019: Rd 2, Pk 34 (PHI)",Active,3rd Season,"Luanda, Angola"
3136196,Sacramento Kings,Power Forward,"6' 9"", 234 lbs",11/5/1995 (27),Kentucky,"2015: Rd 1, Pk 12 (UTAH)",Active,7th Season,"Indianapolis, IN"
4433136,Utah Jazz,Center,"7' 0"", 245 lbs",7/26/2001 (21),Auburn,"2022: Rd 1, Pk 22 (MEM)",Game Time Decision,Rookie,"Newnan, GA"
3206,,Center,,1/29/1985,,"2007: Rd 2, Pk 48 (LAL)",,,"Barcelona, Spain"
3276,,Power Forward,,6/1/1985,Creighton,,,,"Springfield, MO"
4432192,Portland Trail Blazers,Shooting Guard,"6' 3"", 185 lbs",3/10/2002 (21),Tennessee,"2021: Rd 1, Pk 21 (NY)",Active,Rookie,"Shelbyville, TN"
4397886,San Antonio Spurs,Center,"6' 9"", 230 lbs",10/28/2000 (22),Western KY,"2021: Rd 2, Pk 53 (PHI)",Game Time Decision,1st Season,"Lagos, Nigeria"
4593041,Memphis Grizzlies,Forward,"6' 5"", 255 lbs",3/27/2001 (22),Colorado St,"2022: Rd 1, Pk 23 (PHI)",Active,Rookie,"Minneapolis, MN"
4432170,Indiana Pacers,Small Forward,"6' 9"", 205 lbs",1/10/2002 (21),Kentucky,"2021: Rd 1, Pk 22 (LAL)",Active,1st Season,"Pontiac, MI"
4431690,Denver Nuggets,Power Forward,"6' 9"", 240 lbs",1/9/2001 (22),Arizona,"2020: Rd 1, Pk 22 (DEN)",Active,2nd Season,"Lakeville, MN"
4432179,Milwaukee Bucks,Forward,"6' 7"", 199 lbs",10/12/2000 (22),,"2022: Rd 1, Pk 24 (MIL)",Active,Rookie,
4871143,Houston Rockets,Power Forward,"6' 8"", 229 lbs",3/9/2002 (21),,"2021: Rd 1, Pk 23 (HOU)",Active,1st Season,
2991055,Philadelphia 76ers,Center,"6' 7"", 240 lbs",1/26/1994 (29),Louisville,"2015: Rd 2, Pk 32 (HOU)",Active,7th Season,"Tarboro, NC"
2999409,New Orleans Pelicans,Center,"6' 11"", 250 lbs",5/27/1994 (29),,"2015: Rd 2, Pk 35 (PHI)",Active,6th Season,"Madrid, Spain"
4683935,San Antonio Spurs,Guard,"6' 4"", 185 lbs",3/16/2003 (20),Notre Dame,"2022: Rd 1, Pk 25 (SA)",Active,Rookie,"South Bend, IN"
4432168,Houston Rockets,Shooting Guard,"6' 4"", 215 lbs",12/8/2001 (21),Arizona St,,Active,1st Season,"Carson, CA"
4683025,,Forward,,9/11/2000,,"2020: Rd 1, Pk 23 (NY)",,,"Buenos Aires, Argentina"
4395724,New York Knicks,Shooting Guard,"6' 3"", 190 lbs",6/17/1999 (24),Kentucky,"2020: Rd 1, Pk 25 (OKC)",Game Time Decision,2nd Season,"Havre De Grace, MD"
4592187,Minnesota Timberwolves,Guard,"6' 5"", 215 lbs",9/18/2001 (21),Duke,"2022: Rd 1, Pk 26 (DAL)",Active,Rookie,"Charlotte, NC"
3134932,Memphis Grizzlies,Shooting Guard,"6' 5"", 210 lbs",3/22/1996 (27),Purdue FW,,Active,3rd Season,"West Chicago, IL"
3064559,Utah Jazz,Center,"6' 11"", 245 lbs",6/30/1995 (28),Vanderbilt,"2016: Rd 1, Pk 30 (GS)",Active,6th Season,"Baton Rouge, LA"
4397014,New York Knicks,Shooting Guard,"6' 4"", 210 lbs",5/8/2000 (23),Houston,"2021: Rd 1, Pk 25 (LAC)",Active,1st Season,"The Woodlands, TX"
4395712,Indiana Pacers,Point Guard,"6' 3"", 191 lbs",1/16/2000 (23),Gonzaga,"2022: Rd 2, Pk 31 (IND)",Active,Rookie,"Aurora, ON"
4997528,Miami Heat,Forward,"6' 10"", 205 lbs",6/9/2003 (20),,"2022: Rd 1, Pk 27 (MIA)",Active,Rookie,
4066354,Boston Celtics,Point Guard,"6' 1"", 195 lbs",1/28/1998 (25),Oregon,"2020: Rd 1, Pk 26 (BOS)",Active,2nd Season,"West Linn, OR"
4230557,Denver Nuggets,Small Forward,"6' 8"", 236 lbs",4/10/1997 (26),,"2017: Rd 2, Pk 49 (DEN)",Active,3rd Season,"Koper, Slovenia"
4433246,Golden State Warriors,Forward,"6' 9"", 220 lbs",11/18/2002 (20),Milwaukee,"2022: Rd 1, Pk 28 (GS)",Active,Rookie,"Sussex, WI"
4683749,Houston Rockets,Guard,"6' 3"", 195 lbs",11/15/2001 (21),Kentucky,"2022: Rd 1, Pk 29 (MEM)",Active,Rookie,"Phoenix, AZ"
4592492,LA Clippers,Point Guard,"6' 2"", 169 lbs",9/14/2000 (22),VCU,"2021: Rd 1, Pk 26 (DEN)",Active,1st Season,"Wilmington, DE"
4397102,Orlando Magic,Center,"7' 2"", 220 lbs",11/16/1999 (23),Oregon,"2019: Rd 2, Pk 44 (MIA)",Active,3rd Season,"Khartoum, Sudan"
4576087,Denver Nuggets,Forward,"6' 7"", 200 lbs",9/11/2002 (20),UCLA,"2022: Rd 1, Pk 30 (OKC)",Active,Rookie,"Long Beach, CA"
3907487,,Small Forward,,7/2/1997,Washington,"2016: Rd 1, Pk 8 (SAC)",,,"Sacramento, CA"
2991042,,Guard,,10/7/1993,Michigan,"2014: Rd 1, Pk 8 (SAC)",,,"Mississauga, AB"
4066299,Utah Jazz,Center,"6' 11"", 270 lbs",9/17/1999 (23),Kansas,"2020: Rd 1, Pk 27 (UTAH)",Active,2nd Season,"Delta, Nigeria"
4431671,Minnesota Timberwolves,Power Forward,"6' 9"", 185 lbs",9/29/2000 (22),Washington,"2020: Rd 1, Pk 28 (LAL)",Game Time Decision,2nd Season,"Seattle, WA"
3134916,Minnesota Timberwolves,Point Guard,"6' 0"", 185 lbs",4/9/1996 (27),USC,,Active,3rd Season,"Etiwanda, CA"
4066668,Toronto Raptors,Point Guard,"6' 1"", 175 lbs",5/9/1998 (25),San Diego St,"2020: Rd 1, Pk 29 (TOR)",Active,2nd Season,"Tacoma, WA"
4432174,Brooklyn Nets,Shooting Guard,"6' 3"", 210 lbs",10/13/2001 (21),LSU,"2021: Rd 1, Pk 27 (BKN)",Active,1st Season,"Chesapeake, VA"
3064560,Boston Celtics,Center,"7' 2"", 250 lbs",7/15/1995 (27),Vanderbilt,,Active,5th Season,"Lantana, TX"
4066320,Memphis Grizzlies,Shooting Guard,"6' 5"", 215 lbs",6/25/1998 (25),TCU,"2020: Rd 1, Pk 30 (BOS)",Game Time Decision,2nd Season,"Richmond, IN"
3135048,,Center,,12/15/1995,Duke,"2015: Rd 1, Pk 3 (PHI)",,,"Chicago, IL"
4432164,Philadelphia 76ers,Guard,"6' 4"", 202 lbs",9/25/2002 (20),Tennessee,"2021: Rd 1, Pk 28 (PHI)",Active,1st Season,"Charlotte, NC"
4432194,Brooklyn Nets,Center,"6' 9"", 265 lbs",11/6/2001 (21),North Carolina,"2021: Rd 1, Pk 29 (PHX)",Active,1st Season,"Greenville, NC"
3133635,Chicago Bulls,Point Guard,"6' 1"", 200 lbs",9/14/1995 (27),West Virginia,"2018: Rd 2, Pk 32 (MEM)",Active,4th Season,"Maywood, IL"
4593125,Memphis Grizzlies,Power Forward,"6' 11"", 215 lbs",1/10/2001 (22),Loyola MD,"2021: Rd 1, Pk 30 (UTAH)",Active,1st Season,"Las Palmas De Gas, Spain"
4230547,Dallas Mavericks,Point Guard,"6' 4"", 200 lbs",7/28/1998 (24),,"2017: Rd 1, Pk 8 (NY)",Active,5th Season,"Ixelles, Belgium"
4065673,,Center,,1/8/1998,North Carolina,"2017: Rd 1, Pk 28 (LAL)",,,"Bartow, FL"
4432823,Oklahoma City Thunder,Forward,"6' 9"", 240 lbs",6/29/2002 (21),Arkansas,"2022: Rd 2, Pk 34 (OKC)",Active,Rookie,"Fort Smith, AR"
4432813,Oklahoma City Thunder,Power Forward,"6' 8"", 240 lbs",11/3/2000 (22),Villanova,"2021: Rd 2, Pk 32 (NY)",Active,1st Season,"Kansas City, KS"
3133626,Oklahoma City Thunder,Small Forward,"6' 6"", 210 lbs",12/2/1994 (28),TCU,,Game Time Decision,4th Season,"Waco, TX"
2595435,,Small Forward,,9/25/1993,Iowa State,"2016: Rd 2, Pk 58 (BOS)",,,"Alexandria, Egypt"
4433623,Orlando Magic,Guard,"6' 8"", 210 lbs",1/9/2003 (20),Michigan,"2022: Rd 2, Pk 32 (ORL)",Active,Rookie,"Mississauga, ON"
3988,Cleveland Cavaliers,Forward,"6' 6"", 215 lbs",6/22/1987 (36),North Carolina,"2009: Rd 2, Pk 46 (CLE)",Active,13th Season,"North Babylon, NY"
3913180,Atlanta Hawks,Shooting Guard,"6' 6"", 215 lbs",10/24/1996 (26),Lipscomb,,Active,3rd Season,"Franklin, TN"
3915195,Minnesota Timberwolves,Shooting Guard,"6' 5"", 205 lbs",9/26/1996 (26),SMU,"2018: Rd 2, Pk 54 (DAL)",Active,4th Season,"Owasso, OK"
3136485,Brooklyn Nets,Point Guard,"6' 4"", 196 lbs",12/31/1995 (27),Xavier,"2017: Rd 2, Pk 52 (NO)",Active,4th Season,"Detroit, MI"
4278103,,Power Forward,,11/15/1999,Missouri,,,,"Columbia, MO"
2999549,,Guard,,11/16/1993,Michigan St,"2016: Rd 1, Pk 14 (CHI)",,,"Lansing, MI"
4278049,Washington Wizards,Center,"6' 10"", 234 lbs",10/1/1998 (24),Arkansas,"2019: Rd 2, Pk 38 (CHI)",Active,3rd Season,"El Dorado, AR"
4066731,Philadelphia 76ers,Power Forward,"6' 9"", 205 lbs",1/31/1998 (25),San Diego St,"2019: Rd 2, Pk 52 (CHA)",Active,3rd Season,"Federal Way, WA"
4396971,Minnesota Timberwolves,Center,"6' 9"", 264 lbs",8/26/1999 (23),LSU,,Game Time Decision,3rd Season,"Asbury Park, NJ"
4278541,Minnesota Timberwolves,Shooting Guard,"6' 4"", 201 lbs",7/9/1999 (23),Washington,"2019: Rd 2, Pk 43 (MIN)",Active,3rd Season,"Seattle, WA"
3907823,LA Clippers,Shooting Guard,"6' 5"", 215 lbs",10/18/1996 (26),Florida St,"2019: Rd 2, Pk 48 (LAC)",Active,3rd Season,"Brooklyn, NY"
3912848,Cleveland Cavaliers,Power Forward,"6' 9"", 228 lbs",11/20/1996 (26),Kansas St,,Active,3rd Season,"Wichita, KS"
4066317,Oklahoma City Thunder,Forward,"6' 6"", 210 lbs",7/28/1997 (25),Oklahoma St,,Active,1st Season,"Norman, OK"
3914283,Sacramento Kings,Power Forward,"6' 9"", 225 lbs",3/22/1997 (26),USC,"2018: Rd 2, Pk 49 (SA)",Active,4th Season,"Lawndale, CA"
3059262,,Shooting Guard,,6/11/1995,Miami,"2017: Rd 2, Pk 32 (PHX)",,,"Ewing, NJ"
4277964,Memphis Grizzlies,Forward,"6' 8"", 245 lbs",1/12/1999 (24),Michigan St,"2020: Rd 2, Pk 35 (SAC)",Active,2nd Season,"Grand Rapids, MI"
4066651,,Small Forward,,3/5/1998,Gonzaga,,,,"Cagnes-sur-Mer, France"
4683027,Charlotte Hornets,Point Guard,"6' 5"", 175 lbs",6/12/2001 (22),,"2020: Rd 2, Pk 34 (PHI)",Active,2nd Season,"Paris, France"
3136779,Phoenix Suns,Small Forward,"6' 8"", 229 lbs",1/23/1996 (27),Ohio State,"2018: Rd 2, Pk 48 (MIN)",Active,4th Season,"Sacramento, CA"
3150844,Orlando Magic,Center,"6' 11"", 245 lbs",4/26/1997 (26),Michigan,"2018: Rd 1, Pk 25 (LAL)",Active,4th Season,"Berlin, Germany"
3102533,Milwaukee Bucks,Small Forward,"6' 7"", 219 lbs",7/18/1992 (30),,"2014: Rd 2, Pk 51 (NY)",Active,4th Season,"Athens, Greece"
4066264,Los Angeles Lakers,Forward,"6' 9"", 205 lbs",3/26/1997 (26),Kentucky,,Active,3rd Season,"Manchester, NH"
4423885,,Small Forward,,7/2/1999,,"2019: Rd 2, Pk 35 (ATL)",,,"Rio De Janeiro, Brazil"
4278031,Indiana Pacers,Small Forward,"6' 7"", 210 lbs",6/20/1998 (25),Syracuse,,Active,3rd Season,"Mississauga, ON"
4065697,Charlotte Hornets,Point Guard,"6' 2"", 205 lbs",11/25/1997 (25),NC State,"2017: Rd 1, Pk 9 (DAL)",Game Time Decision,5th Season,"Fayetteville, NC"
3133602,Charlotte Hornets,Shooting Guard,"6' 7"", 205 lbs",6/10/1997 (26),Kansas,"2018: Rd 2, Pk 47 (LAL)",Active,4th Season,"Cherkasy, Ukraine"
4017839,,Power Forward,,9/28/1995,,"2016: Rd 1, Pk 15 (DEN)",,,"Madrid, Spain"
2581184,Washington Wizards,Power Forward,"6' 8"", 230 lbs",10/17/1992 (30),Virginia,,Active,2nd Season,"High Point, NC"
3986,Washington Wizards,Forward,"6' 9"", 232 lbs",6/24/1985 (38),USC,"2009: Rd 1, Pk 26 (CHI)",Active,13th Season,"Brooklyn, NY"
4401416,Utah Jazz,Small Forward,"6' 6"", 209 lbs",4/10/1993 (30),Marquette,,Active,3rd Season,"Oakland, CA"
4395702,Oklahoma City Thunder,Shooting Guard,"6' 3"", 165 lbs",7/2/1999 (23),Arkansas,"2020: Rd 2, Pk 49 (PHI)",Active,2nd Season,"Fort Smith, AR"
3138156,,Small Forward,,3/28/1995,North Carolina,"2017: Rd 1, Pk 15 (POR)",,,"Tomball, TX"
2489716,Sacramento Kings,Point Guard,"6' 3"", 200 lbs",9/8/1990 (32),Saint Mary's,,Game Time Decision,8th Season,"Maryborough, VIC"
3914285,Phoenix Suns,Power Forward,"6' 10"", 245 lbs",2/1/1997 (26),Oregon St,,Active,2nd Season,"Troutdale, OR"
2991047,,Guard,,3/26/1994,Villanova,,,,"Langhorne, PA"
4065663,Phoenix Suns,Small Forward,"6' 4"", 213 lbs",9/1/1998 (24),Georgia Tech,"2018: Rd 1, Pk 20 (MIN)",Active,4th Season,"Lagos, Nigeria"
2982334,Phoenix Suns,Small Forward,"6' 8"", 220 lbs",9/5/1993 (29),NC State,"2014: Rd 1, Pk 14 (PHX)",Active,7th Season,"Durham, NC"
2595209,Phoenix Suns,Shooting Guard,"6' 5"", 210 lbs",10/21/1992 (30),Louisville,,Active,5th Season,"Baltimore, MD"
6427,Phoenix Suns,Center,"6' 8"", 255 lbs",8/28/1992 (30),,"2011: Rd 1, Pk 7 (SAC)",Active,11th Season,"Lubumbashi, Congo"
4067325,Minnesota Timberwolves,Forward,"6' 8"", 253 lbs",9/20/1997 (25),William & Mary,,Active,2nd Season,"Syracuse, NY"
3908336,Minnesota Timberwolves,Forward,"6' 6"", 215 lbs",4/17/1997 (26),Chattanooga,,Active,1st Season,"Cortlandt Manor, NY"
2994526,,Shooting Guard,,7/23/1993,Michigan St,,,,"Lansing, MI"
6617,Minnesota Timberwolves,Shooting Guard,"6' 4"", 200 lbs",8/1/1992 (30),Duke,"2012: Rd 1, Pk 10 (NO)",Active,10th Season,"Winter Park, FL"
4032,Milwaukee Bucks,Shooting Guard,"6' 4"", 220 lbs",10/14/1986 (36),Marquette,,Active,13th Season,"San Antonio, TX"
2184,Miami Heat,Power Forward,"6' 8"", 235 lbs",6/9/1980 (43),Florida,,Active,19th Season,"Miami, FL"
4278508,Minnesota Timberwolves,Small Forward,"6' 6"", 215 lbs",7/28/1999 (23),Oregon,"2018: Rd 1, Pk 15 (WSH)",Active,4th Season,"Las Vegas, NV"
3032979,Toronto Raptors,Point Guard,"6' 1"", 172 lbs",9/15/1993 (29),,"2013: Rd 1, Pk 17 (ATL)",Active,9th Season,"Braunschweig, Germany"
2579294,Houston Rockets,Power Forward,"7' 0"", 240 lbs",4/4/1993 (30),Wisconsin,"2015: Rd 1, Pk 9 (CHA)",Active,7th Season,"Lisle, IL"
2327577,Golden State Warriors,Forward,"6' 9"", 227 lbs",6/21/1990 (33),Alabama,,Active,8th Season,"Montgomery, AL"
2386,Golden State Warriors,Forward,"6' 6"", 215 lbs",1/28/1984 (39),Arizona,"2004: Rd 1, Pk 9 (PHI)",Game Time Decision,18th Season,"Springfield, IL"
2488826,Detroit Pistons,Guard,"6' 4"", 205 lbs",7/29/1991 (31),Kansas St,,Game Time Decision,6th Season,"Landover, MD"
3934723,Denver Nuggets,Center,"6' 10"", 248 lbs",7/31/1997 (25),Indiana,"2017: Rd 2, Pk 42 (UTAH)",Active,5th Season,"Rochester, NY"
3442,Denver Nuggets,Center,"6' 11"", 265 lbs",7/21/1988 (34),Texas A&M,"2008: Rd 2, Pk 35 (LAC)",Active,14th Season,"Houston, TX"
3138154,Dallas Mavericks,Guard,"6' 7"", 212 lbs",11/5/1995 (27),North Carolina,,Active,4th Season,"Greensboro, NC"
2968334,,Guard,,3/23/1991,,,,,"Cardoba, Argentina"
6461,Dallas Mavericks,Power Forward,"6' 9"", 245 lbs",9/2/1989 (33),Kansas,"2011: Rd 1, Pk 13 (PHX)",Active,11th Season,"Philadelphia, PA"
2968361,Cleveland Cavaliers,Point Guard,"6' 2"", 180 lbs",5/19/1992 (31),,"2013: Rd 2, Pk 47 (ATL)",Active,7th Season,Brazil
3447,Cleveland Cavaliers,Center,"7' 0"", 281 lbs",4/1/1988 (35),Stanford,"2008: Rd 1, Pk 15 (PHX)",Active,14th Season,"North Hollywood, CA"
3078284,,Power Forward,,8/24/1995,Indiana,"2014: Rd 1, Pk 9 (CHA)",,,"Salem, MA"
3989,Boston Celtics,Power Forward,"6' 9"", 250 lbs",3/16/1989 (34),Oklahoma,"2009: Rd 1, Pk 1 (LAC)",Active,12th Season,"Oklahoma City, OK"
3922230,Atlanta Hawks,Guard,"6' 0"", 185 lbs",9/30/1996 (26),UCLA,"2018: Rd 1, Pk 23 (IND)",Active,4th Season,"Chatsworth, CA"
3074797,,Forward,,12/20/1994,Kansas St,"2017: Rd 2, Pk 33 (ORL)",,,"Houston, TX"
3907821,,Shooting Guard,,8/30/1995,Florida St,"2017: Rd 2, Pk 40 (NO)",,,"Lakeland, FL"
4065778,Miami Heat,Shooting Guard,"6' 5"", 215 lbs",3/28/1996 (27),DePaul,,Active,3rd Season,"Hickory Hills, IL"
3137259,Los Angeles Lakers,Point Guard,"6' 3"", 200 lbs",6/14/1996 (27),UCSB,,Active,3rd Season,"Modesto, CA"
2596112,Chicago Bulls,Small Forward,"6' 5"", 205 lbs",7/23/1993 (29),Radford,,Active,3rd Season,"Petersburg, VA"
3934721,,Forward,,4/17/1997,Indiana,,,,"Waynesville, MO"
4277813,New Orleans Pelicans,Small Forward,"6' 7"", 206 lbs",10/6/1998 (24),Alabama,"2021: Rd 2, Pk 35 (NO)",Active,1st Season,"Greensboro, AL"
4278076,Charlotte Hornets,Center,"7' 0"", 245 lbs",11/29/1997 (25),Kentucky,"2020: Rd 2, Pk 42 (NO)",Active,2nd Season,"Kingston, Jamaica"
4431669,,Center,,2/25/2001,Duke,"2020: Rd 2, Pk 32 (CHA)",,,"Southwest Ranches, FL"
4395626,San Antonio Spurs,Point Guard,"6' 1"", 185 lbs",1/8/2000 (23),Duke,"2020: Rd 2, Pk 41 (SA)",Active,2nd Season,"Apple Valley, MN"
4278521,,Small Forward,,4/28/1999,Stanford,"2019: Rd 2, Pk 32 (PHX)",,,"Orange County, CA"
4278562,Philadelphia 76ers,Small Forward,"6' 9"", 210 lbs",6/14/1999 (24),DePaul,"2020: Rd 2, Pk 58 (PHI)",Active,2nd Season,"Orlando, FL"
2991018,,Point Guard,,5/9/1993,Indiana,,,,"Indianapolis, IN"
4431828,Houston Rockets,Forward,"6' 7"", 215 lbs",1/6/2001 (22),,"2020: Rd 2, Pk 52 (SAC)",Active,2nd Season,"West Hills, CA"
4401415,,Power Forward,,8/18/2000,,"2019: Rd 2, Pk 39 (NO)",,,"Belgrade, Serbia"
4066405,Cleveland Cavaliers,Forward,"6' 6"", 230 lbs",7/9/1997 (25),Penn State,,Active,2nd Season,"Philadelphia, PA"
4278594,New Orleans Pelicans,Small Forward,"6' 7"", 220 lbs",1/24/1998 (25),Xavier,,Active,2nd Season,"Atlantic City, NJ"
4066851,,Shooting Guard,,8/4/1997,Yale,"2019: Rd 2, Pk 58 (GS)",,,"Northridge, CA"
3133838,Phoenix Suns,Small Forward,"6' 8"", 215 lbs",10/13/1994 (28),G Washington,,Active,4th Season,"Kagawa, Japan"
3912334,,Shooting Guard,,5/8/1996,Creighton,"2018: Rd 2, Pk 38 (PHI)",,,"Omaha, NE"
4278124,Phoenix Suns,Guard,"6' 2"", 183 lbs",6/23/1999 (24),Vanderbilt,"2020: Rd 2, Pk 38 (UTAH)",Active,2nd Season,"Phoenix, AZ"
3906977,,Guard,,5/21/1996,Princeton,,,,"Mishawaka, IN"
4231914,,Guard,,8/11/1995,,,,,
3908819,,Guard,,9/24/1997,Little Rock,,,,"Charlotte, NC"
4291678,Miami Heat,Forward,"6' 4"", 220 lbs",12/9/1996 (26),Wheeling Jesuit,,Active,2nd Season,"Baltimore, MD"
3074213,Miami Heat,Center,"6' 11"", 275 lbs",6/19/1998 (25),Georgetown,,Active,1st Season,Uzbekistan
4066467,,Forward,,7/4/1997,Saint Mary's,,,,"Rancho Cucamonga, CA"
3058030,,Shooting Guard,,12/30/1994,Fresno St,,,,"Phoenix, AZ"
4066508,,Guard,,2/2/1997,Saint Joseph's,,,,"Philadelphia, PA"
3133596,,Shooting Guard,,8/3/1995,Butler,,,,"Louisville, KY"
4065660,Boston Celtics,Center,"6' 10"", 250 lbs",8/14/1997 (25),Florida St,"2019: Rd 1, Pk 27 (BKN)",Active,2nd Season,"Burlington, ON"
2991184,,Forward,,5/8/1994,Wisconsin,"2015: Rd 1, Pk 18 (HOU)",,,"Sheboygan, WI"
3912292,Utah Jazz,Power Forward,"6' 5"", 250 lbs",6/7/1996 (27),Charleston,"2019: Rd 2, Pk 50 (IND)",Active,1st Season,"Columbia, SC"
6460,,Guard,,2/25/1989,Purdue,"2011: Rd 2, Pk 55 (BOS)",,,"East Chicago, IN"
2488958,,Small Forward,,3/18/1991,Arizona,"2013: Rd 1, Pk 23 (IND)",,,"Los Angeles, CA"
2426,,Small Forward,,6/30/1985,UCLA,"2004: Rd 2, Pk 43 (NY)",,,"Los Angeles, CA"
3056602,,Power Forward,,12/5/1994,SMU,"2017: Rd 2, Pk 37 (BOS)",,,"Ottawa, KS"
2583962,,Guard,,1/26/1993,Gonzaga,,,,"Holland Landing, ON"
3056600,,Power Forward,,3/15/1995,Duke,"2014: Rd 1, Pk 2 (MIL)",,,"Chicago, IL"
6447,,Center,,5/20/1992,Kentucky,"2011: Rd 1, Pk 3 (UTAH)",,,"Zurich, Switzerland"
4277922,New York Knicks,Center,"6' 9"", 250 lbs",10/20/1998 (24),Texas,"2021: Rd 2, Pk 58 (NY)",Game Time Decision,1st Season,"Minneapolis, MN"
4397693,Sacramento Kings,Small Forward,"6' 8"", 215 lbs",8/9/2000 (22),Pepperdine,"2021: Rd 2, Pk 44 (BKN)",Active,1st Season,"Rancho Cucamonga, CA"
4409222,,Shooting Guard,,2/25/1997,New Mexico St,,,,"Glen Burnie, MD"
4715198,Phoenix Suns,Power Forward,"6' 9"", 219 lbs",10/17/2001 (21),,"2021: Rd 2, Pk 31 (MIL)",Active,1st Season,"Baltimore, MD"
4702233,Charlotte Hornets,Forward,"6' 9"", 203 lbs",8/26/2002 (20),Auburn,"2021: Rd 2, Pk 37 (DET)",Active,1st Season,"Anchorage, AK"
4397183,Oklahoma City Thunder,Shooting Guard,"6' 5"", 190 lbs",1/2/1999 (24),Maryland,"2021: Rd 2, Pk 55 (OKC)",Active,1st Season,"Greensboro, NC"
4395695,Oklahoma City Thunder,Shooting Guard,"6' 3"", 193 lbs",8/25/2000 (22),Baylor,"2021: Rd 2, Pk 40 (NO)",Active,1st Season,"Reserve, LA"
4432161,,Power Forward,,9/1/2001,Texas,"2021: Rd 2, Pk 43 (NO)",,,"Austin, TX"
4431675,,Power Forward,,11/9/2000,LSU,,,,"Birmingham, AL"
3146557,Phoenix Suns,Center,"6' 11"", 255 lbs",10/25/1995 (27),Saint Mary's,,Active,1st Season,"E Malvern, VIC"
4431823,New York Knicks,Point Guard,"6' 2"", 195 lbs",9/8/2000 (22),West Virginia,"2021: Rd 2, Pk 36 (OKC)",Active,1st Season,"Cincinnati, OH"
4397235,New York Knicks,Point Guard,"6' 2"", 197 lbs",3/24/2000 (23),Ohio State,,Active,1st Season,"Grand Rapids, MI"
4066457,Los Angeles Lakers,Shooting Guard,"6' 5"", 197 lbs",5/29/1998 (25),Oklahoma,,Active,1st Season,"Newark, AR"
4432162,LA Clippers,Shooting Guard,"6' 6"", 188 lbs",11/28/2001 (21),Kentucky,"2021: Rd 2, Pk 51 (MEM)",Active,1st Season,"Norcross, GA"
4397916,LA Clippers,Point Guard,"6' 3"", 181 lbs",8/10/1999 (23),Ohio,"2021: Rd 2, Pk 33 (ORL)",Active,Rookie,"Orlando, FL"
4432176,,Shooting Guard,,2/13/2002,,,,,"Fairbanks, AK"
4277957,Detroit Pistons,Power Forward,"6' 6"", 232 lbs",7/27/1998 (24),Michigan,"2021: Rd 2, Pk 42 (DET)",Active,1st Season,"Kalamazoo, MI"
4683622,Chicago Bulls,Center,"7' 0"", 220 lbs",10/15/1999 (23),,"2020: Rd 2, Pk 44 (CHI)",Active,1st Season,"Montenegro, Yugoslavia"
4397002,Chicago Bulls,Shooting Guard,"6' 5"", 200 lbs",1/17/2000 (23),Illinois,"2021: Rd 2, Pk 38 (CHI)",Active,1st Season,"Chicago, IL"
4279815,Chicago Bulls,Forward,"6' 4"", 230 lbs",9/23/1999 (23),Austin Peay,,Active,1st Season,"Bowling Green, KY"
4277869,New Orleans Pelicans,Point Guard,"6' 0"", 179 lbs",4/12/1998 (25),Georgia Tech,,Game Time Decision,1st Season,"Brooklyn, NY"
4065804,Boston Celtics,Small Forward,"6' 7"", 217 lbs",12/8/1997 (25),Virginia,,Active,1st Season,"Stevens Point, WI"
4578893,Atlanta Hawks,Guard,"6' 8"", 195 lbs",6/19/2000 (23),,"2020: Rd 2, Pk 37 (WSH)",Active,3rd Season,Czech Republic
4397885,Toronto Raptors,Point Guard,"6' 7"", 204 lbs",11/7/1999 (23),Nebraska,"2021: Rd 2, Pk 46 (TOR)",Active,1st Season,"Toronto, ON"
4397215,,Center,,9/20/1999,Minnesota,"2020: Rd 2, Pk 33 (MIN)",,,"Woodbury, MN"
3947736,,Shooting Guard,,11/27/1996,Liberty,,,,"Indian Trail, NC"
4431688,,Shooting Guard,,6/9/2001,Texas Tech,"2020: Rd 2, Pk 43 (SAC)",,,"Arlington, TX"
3129951,,Shooting Guard,,4/19/1995,BYU,,,,"Gwinnett, GA"
4423883,,Forward,,6/10/2000,,"2019: Rd 2, Pk 37 (DAL)",,,"Vilnius, Lithuania"
3947156,Cleveland Cavaliers,Forward,"6' 9"", 228 lbs",1/21/1997 (26),Virginia,,Active,2nd Season,"Conakry, Guinea"
4431778,Toronto Raptors,Center,"7' 0"", 230 lbs",6/20/2000 (23),Arizona,"2022: Rd 2, Pk 33 (TOR)",Active,Rookie,"Douala, Cameroon"
3135046,Washington Wizards,Point Guard,"6' 0"", 196 lbs",5/10/1996 (27),Duke,"2015: Rd 1, Pk 24 (CLE)",Active,7th Season,"Burnsville, MN"
4067045,,Forward,,4/22/1996,Missouri St,"2018: Rd 2, Pk 50 (IND)",,,"Williamsport, PA"
6479,,Point Guard,,5/8/1990,UConn,"2011: Rd 1, Pk 9 (CHA)",,,"Bronx, NY"
3134881,,Small Forward,,5/29/1996,Arizona,"2015: Rd 1, Pk 8 (DET)",,,"Fullerton, CA"
