url,team,position,ht_wt,birthdate,college,draft_info,status,experience,birthplace
https://www.espn.com/nba/player/_/id/3975/stephen-curry,Golden State Warriors,Point Guard,"6' 2"", 185 lbs",3/14/1988 (35),Davidson,"2009: Rd 1, Pk 7 (GS)",Active,13th Season,"Akron, OH"
https://www.espn.com/nba/player/_/id/1966/lebron-james,Los Angeles Lakers,Small Forward,"6' 9"", 250 lbs",12/30/1984 (38),,"2003: Rd 1, Pk 1 (CLE)",Active,19th Season,"Akron, OH"
https://www.espn.com/nba/player/_/id/3202/kevin-durant,Phoenix Suns,Power Forward,"6' 10"", 240 lbs",9/29/1988 (34),Texas,"2007: Rd 1, Pk 2 (SEA)",Active,14th Season,"Suitland, MD"
https://www.espn.com/nba/player/_/id/6580/bradley-beal,Phoenix Suns,Shooting Guard,"6' 4"", 207 lbs",6/28/1993 (30),Florida,"2012: Rd 1, Pk 3 (WSH)",Active,10th Season,"Saint Louis, MO"
https://www.espn.com/nba/player/_/id/6606/damian-lillard,Portland Trail Blazers,Point Guard,"6' 2"", 195 lbs",7/15/1990 (32),Weber St,"2012: Rd 1, Pk 6 (POR)",Active,9th Season,"Oakland, CA"
https://www.espn.com/nba/player/_/id/3032977/giannis-antetokounmpo,Milwaukee Bucks,Power Forward,"6' 11"", 243 lbs",12/6/1994 (28),,"2013: Rd 1, Pk 15 (MIL)",Active,9th Season,"Athens, Greece"
https://www.espn.com/nba/player/_/id/6450/kawhi-leonard,LA Clippers,Small Forward,"6' 7"", 225 lbs",6/29/1991 (32),San Diego St,"2011: Rd 1, Pk 15 (IND)",Game Time Decision,10th Season,"Los Angeles, CA"
https://www.espn.com/nba/player/_/id/4251/paul-george,LA Clippers,Forward,"6' 8"", 220 lbs",5/2/1990 (33),Fresno St,"2010: Rd 1, Pk 10 (IND)",Game Time Decision,12th Season,"Palmdale, CA"
https://www.espn.com/nba/player/_/id/6475/klay-thompson,Golden State Warriors,Shooting Guard,"6' 6"", 220 lbs",2/8/1990 (33),Washington St,"2011: Rd 1, Pk 11 (GS)",Active,9th Season,"Los Angeles, CA"
https://www.espn.com/nba/player/_/id/6442/kyrie-irving,Dallas Mavericks,Point Guard,"6' 2"", 195 lbs",3/23/1992 (31),Duke,"2011: Rd 1, Pk 1 (CLE)",Active,11th Season,"Melbourne, VIC"
https://www.espn.com/nba/player/_/id/3032976/rudy-gobert,Minnesota Timberwolves,Center,"7' 1"", 258 lbs",6/26/1992 (31),,"2013: Rd 1, Pk 27 (DEN)",Active,9th Season,France
https://www.espn.com/nba/player/_/id/6583/anthony-davis,Los Angeles Lakers,Power Forward,"6' 10"", 253 lbs",3/11/1993 (30),Kentucky,"2012: Rd 1, Pk 1 (NO)",Active,10th Season,"Chicago, IL"
https://www.espn.com/nba/player/_/id/6609/khris-middleton,Milwaukee Bucks,Small Forward,"6' 7"", 222 lbs",8/12/1991 (31),Texas A&M,"2012: Rd 2, Pk 39 (DET)",Active,10th Season,"Charleston, SC"
https://www.espn.com/nba/player/_/id/6430/jimmy-butler,Miami Heat,Small Forward,"6' 7"", 230 lbs",9/14/1989 (33),Marquette,"2011: Rd 1, Pk 30 (CHI)",Active,11th Season,"Houston, TX"
https://www.espn.com/nba/player/_/id/6440/tobias-harris,Philadelphia 76ers,Power Forward,"6' 7"", 226 lbs",7/15/1992 (30),Tennessee,"2011: Rd 1, Pk 19 (CHA)",Active,11th Season,"Dix Hills, NY"
https://www.espn.com/nba/player/_/id/3064440/zach-lavine,Chicago Bulls,Shooting Guard,"6' 5"", 200 lbs",3/10/1995 (28),UCLA,"2014: Rd 1, Pk 13 (MIN)",Active,8th Season,"Seattle, WA"
https://www.espn.com/nba/player/_/id/3945274/luka-doncic,Dallas Mavericks,Point Guard,"6' 7"", 230 lbs",2/28/1999 (24),,"2018: Rd 1, Pk 3 (ATL)",Active,5th Season,"Ljubljana, Slovenia"
https://www.espn.com/nba/player/_/id/4277905/trae-young,Atlanta Hawks,Point Guard,"6' 1"", 164 lbs",9/19/1998 (24),Oklahoma,"2018: Rd 1, Pk 5 (DAL)",Active,4th Season,"Lubbock, TX"
https://www.espn.com/nba/player/_/id/3149673/pascal-siakam,Toronto Raptors,Power Forward,"6' 8"", 230 lbs",4/2/1994 (29),New Mexico St,"2016: Rd 1, Pk 27 (TOR)",Active,6th Season,"Douala, Cameroon"
https://www.espn.com/nba/player/_/id/3907387/ben-simmons,Brooklyn Nets,Point Guard,"6' 10"", 240 lbs",7/20/1996 (26),LSU,"2016: Rd 1, Pk 1 (PHI)",Game Time Decision,4th Season,"Melbourne, VIC"
https://www.espn.com/nba/player/_/id/3133628/myles-turner,Indiana Pacers,Center,"6' 11"", 250 lbs",3/24/1996 (27),Texas,"2015: Rd 1, Pk 11 (IND)",Active,7th Season,"Bedford, TX"
https://www.espn.com/nba/player/_/id/3136193/devin-booker,Phoenix Suns,Shooting Guard,"6' 5"", 206 lbs",10/30/1996 (26),Kentucky,"2015: Rd 1, Pk 13 (PHX)",Active,7th Season,"Grand Rapids, MI"
https://www.espn.com/nba/player/_/id/3136195/karl-anthony-towns,Minnesota Timberwolves,Center,"7' 0"", 248 lbs",11/15/1995 (27),Kentucky,"2015: Rd 1, Pk 1 (MIN)",Active,7th Season,"Edison, NJ"
https://www.espn.com/nba/player/_/id/3102531/kristaps-porzingis,Boston Celtics,Center,"7' 3"", 240 lbs",8/2/1995 (27),,"2015: Rd 1, Pk 4 (NY)",Active,6th Season,"Liepaja, Latvia"
https://www.espn.com/nba/player/_/id/3995/jrue-holiday,Milwaukee Bucks,Point Guard,"6' 4"", 205 lbs",6/12/1990 (33),UCLA,"2009: Rd 1, Pk 17 (PHI)",Active,13th Season,"Chatsworth, CA"
https://www.espn.com/nba/player/_/id/3059318/joel-embiid,Philadelphia 76ers,Center,"7' 0"", 280 lbs",3/16/1994 (29),Kansas,"2014: Rd 1, Pk 3 (PHI)",Active,6th Season,"Yaounde, Cameroon"
https://www.espn.com/nba/player/_/id/3059319/andrew-wiggins,Golden State Warriors,Small Forward,"6' 7"", 197 lbs",2/23/1995 (28),Kansas,"2014: Rd 1, Pk 1 (CLE)",Active,8th Season,"Thornhill, ON"
https://www.espn.com/nba/player/_/id/2490149/cj-mccollum,New Orleans Pelicans,Shooting Guard,"6' 3"", 190 lbs",9/19/1991 (31),Lehigh,"2013: Rd 1, Pk 10 (POR)",Game Time Decision,9th Season,"Canton, OH"
https://www.espn.com/nba/player/_/id/3112335/nikola-jokic,Denver Nuggets,Center,"6' 11"", 284 lbs",2/19/1995 (28),,"2014: Rd 2, Pk 41 (DEN)",Active,7th Season,"Sombor, Serbia"
https://www.espn.com/nba/player/_/id/3992/james-harden,Philadelphia 76ers,Shooting Guard,"6' 5"", 220 lbs",8/26/1989 (33),Arizona St,"2009: Rd 1, Pk 3 (OKC)",Active,13th Season,"Los Angeles, CA"
https://www.espn.com/nba/player/_/id/3913176/brandon-ingram,New Orleans Pelicans,Small Forward,"6' 8"", 190 lbs",9/2/1997 (25),Duke,"2016: Rd 1, Pk 2 (LAL)",Active,6th Season,"Kinston, NC"
https://www.espn.com/nba/player/_/id/3936299/jamal-murray,Denver Nuggets,Point Guard,"6' 4"", 215 lbs",2/23/1997 (26),Kentucky,"2016: Rd 1, Pk 7 (DEN)",Active,5th Season,"Kitchener, ON"
https://www.espn.com/nba/player/_/id/3136776/d'angelo-russell,Los Angeles Lakers,Point Guard,"6' 4"", 193 lbs",2/23/1996 (27),Ohio State,"2015: Rd 1, Pk 2 (LAL)",Active,7th Season,"Louisville, KY"
https://www.espn.com/nba/player/_/id/4278073/shai-gilgeous-alexander,Oklahoma City Thunder,Point Guard,"6' 6"", 195 lbs",7/12/1998 (24),Kentucky,"2018: Rd 1, Pk 11 (CHA)",Active,4th Season,"Toronto, ON"
https://www.espn.com/nba/player/_/id/4278129/deandre-ayton,Phoenix Suns,Center,"7' 0"", 250 lbs",7/23/1998 (24),Arizona,"2018: Rd 1, Pk 1 (PHX)",Game Time Decision,4th Season,"Nassau, Bahamas"
https://www.espn.com/nba/player/_/id/4278104/michael-porter-jr.,Denver Nuggets,Small Forward,"6' 10"", 218 lbs",6/29/1998 (25),Missouri,"2018: Rd 1, Pk 14 (DEN)",Active,3rd Season,"Columbia, MO"
https://www.espn.com/nba/player/_/id/3908809/donovan-mitchell,Cleveland Cavaliers,Shooting Guard,"6' 1"", 215 lbs",9/7/1996 (26),Louisville,"2017: Rd 1, Pk 13 (DEN)",Active,5th Season,"Greenwich, CT"
https://www.espn.com/nba/player/_/id/4066261/bam-adebayo,Miami Heat,Center,"6' 9"", 255 lbs",7/18/1997 (25),Kentucky,"2017: Rd 1, Pk 14 (MIA)",Active,5th Season,"Newark, NJ"
https://www.espn.com/nba/player/_/id/4249/gordon-hayward,Charlotte Hornets,Small Forward,"6' 7"", 225 lbs",3/23/1990 (33),Butler,"2010: Rd 1, Pk 9 (UTAH)",Active,12th Season,"Brownsburg, IN"
https://www.espn.com/nba/player/_/id/4277961/jaren-jackson-jr.,Memphis Grizzlies,Power Forward,"6' 11"", 242 lbs",9/15/1999 (23),Michigan St,"2018: Rd 1, Pk 4 (MEM)",Active,4th Season,"Plainfield, NJ"
https://www.espn.com/nba/player/_/id/3917376/jaylen-brown,Boston Celtics,Shooting Guard,"6' 6"", 223 lbs",10/24/1996 (26),California,"2016: Rd 1, Pk 3 (BOS)",Active,6th Season,"Marietta, GA"
https://www.espn.com/nba/player/_/id/2779/chris-paul,Washington Wizards,Point Guard,"6' 0"", 175 lbs",5/6/1985 (38),Wake Forest,"2005: Rd 1, Pk 4 (NO)",Game Time Decision,17th Season,"Winston-Salem, NC"
https://www.espn.com/nba/player/_/id/3012/kyle-lowry,Miami Heat,Point Guard,"6' 0"", 196 lbs",3/25/1986 (37),Villanova,"2006: Rd 1, Pk 24 (MEM)",Active,16th Season,"Philadelphia, PA"
https://www.espn.com/nba/player/_/id/4066259/de'aaron-fox,Sacramento Kings,Point Guard,"6' 3"", 185 lbs",12/20/1997 (25),Kentucky,"2017: Rd 1, Pk 5 (SAC)",Active,5th Season,"Houston, TX"
https://www.espn.com/nba/player/_/id/4065648/jayson-tatum,Boston Celtics,Small Forward,"6' 8"", 210 lbs",3/3/1998 (25),Duke,"2017: Rd 1, Pk 3 (BOS)",Active,5th Season,"Saint Louis, MO"
https://www.espn.com/nba/player/_/id/3934672/jalen-brunson,New York Knicks,Point Guard,"6' 1"", 190 lbs",8/31/1996 (26),Villanova,"2018: Rd 2, Pk 33 (DAL)",Active,4th Season,"New Brunswick, NJ"
https://www.espn.com/nba/player/_/id/3978/demar-derozan,Chicago Bulls,Small Forward,"6' 6"", 220 lbs",8/7/1989 (33),USC,"2009: Rd 1, Pk 9 (TOR)",Active,13th Season,"Compton, CA"
https://www.espn.com/nba/player/_/id/3213/al-horford,Boston Celtics,Center,"6' 9"", 240 lbs",6/3/1986 (37),Florida,"2007: Rd 1, Pk 3 (ATL)",Active,15th Season,"Puerto Plata, Dominican Republic"
https://www.espn.com/nba/player/_/id/6589/draymond-green,Golden State Warriors,Power Forward,"6' 6"", 230 lbs",3/4/1990 (33),Michigan St,"2012: Rd 2, Pk 35 (GS)",Active,10th Season,"Saginaw, MI"
https://www.espn.com/nba/player/_/id/3064514/julius-randle,New York Knicks,Power Forward,"6' 8"", 250 lbs",11/29/1994 (28),Kentucky,"2014: Rd 1, Pk 7 (LAL)",Game Time Decision,8th Season,"Dallas, TX"
https://www.espn.com/nba/player/_/id/3908845/john-collins,Atlanta Hawks,Power Forward,"6' 9"", 226 lbs",9/23/1997 (25),Wake Forest,"2017: Rd 1, Pk 19 (ATL)",Active,5th Season,"West Palm Beach, FL"
https://www.espn.com/nba/player/_/id/2990984/buddy-hield,Indiana Pacers,Shooting Guard,"6' 4"", 220 lbs",12/17/1992 (30),Oklahoma,"2016: Rd 1, Pk 6 (NO)",Active,6th Season,"Freeport, GB"
https://www.espn.com/nba/player/_/id/3195/mike-conley,Minnesota Timberwolves,Point Guard,"6' 1"", 175 lbs",10/11/1987 (35),Ohio State,"2007: Rd 1, Pk 4 (MEM)",Active,15th Season,"Indianapolis, IN"
https://www.espn.com/nba/player/_/id/2566769/malcolm-brogdon,Boston Celtics,Point Guard,"6' 4"", 229 lbs",12/11/1992 (30),Virginia,"2016: Rd 2, Pk 36 (MIL)",Game Time Decision,6th Season,"Atlanta, GA"
https://www.espn.com/nba/player/_/id/4351851/anfernee-simons,Portland Trail Blazers,Shooting Guard,"6' 3"", 181 lbs",6/8/1999 (24),,"2018: Rd 1, Pk 24 (POR)",Active,3rd Season,"Altamonte Springs, FL"
https://www.espn.com/nba/player/_/id/6478/nikola-vucevic,Chicago Bulls,Center,"6' 10"", 260 lbs",10/24/1990 (32),USC,"2011: Rd 1, Pk 16 (PHI)",Active,11th Season,"Simi Valley, CA"
https://www.espn.com/nba/player/_/id/3074752/terry-rozier,Charlotte Hornets,Shooting Guard,"6' 1"", 190 lbs",3/17/1994 (29),Louisville,"2015: Rd 1, Pk 16 (BOS)",Game Time Decision,7th Season,"Youngstown, OH"
https://www.espn.com/nba/player/_/id/2991230/fred-vanvleet,Houston Rockets,Shooting Guard,"6' 0"", 197 lbs",2/25/1994 (29),Wichita St,,Active,6th Season,"Rockford, IL"
https://www.espn.com/nba/player/_/id/2991070/jerami-grant,Portland Trail Blazers,Small Forward,"6' 8"", 210 lbs",3/12/1994 (29),Syracuse,"2014: Rd 2, Pk 39 (PHI)",Active,7th Season,"Portland, OR"
https://www.espn.com/nba/player/_/id/3147657/mikal-bridges,Brooklyn Nets,Small Forward,"6' 6"", 209 lbs",8/30/1996 (26),Villanova,"2018: Rd 1, Pk 10 (PHI)",Active,4th Season,"Malvern, PA"
https://www.espn.com/nba/player/_/id/4066328/jarrett-allen,Cleveland Cavaliers,Center,"6' 9"", 243 lbs",4/21/1998 (25),Texas,"2017: Rd 1, Pk 22 (BKN)",Active,5th Season,"Round Rock, TX"
https://www.espn.com/nba/player/_/id/3064290/aaron-gordon,Denver Nuggets,Power Forward,"6' 8"", 235 lbs",9/16/1995 (27),Arizona,"2014: Rd 1, Pk 4 (ORL)",Active,8th Season,"San Jose, CA"
https://www.espn.com/nba/player/_/id/2528210/tim-hardaway-jr.,Dallas Mavericks,Small Forward,"6' 5"", 205 lbs",3/16/1992 (31),Michigan,"2013: Rd 1, Pk 24 (NY)",Active,9th Season,"Alameda, CA"
https://www.espn.com/nba/player/_/id/3593/bojan-bogdanovic,Detroit Pistons,Small Forward,"6' 7"", 226 lbs",4/18/1989 (34),,"2011: Rd 2, Pk 31 (MIA)",Active,8th Season,Yugoslavia
https://www.espn.com/nba/player/_/id/4066421/lonzo-ball,Chicago Bulls,Point Guard,"6' 6"", 190 lbs",10/27/1997 (25),UCLA,"2017: Rd 1, Pk 2 (LAL)",Out,5th Season,"Chino Hills, CA"
https://www.espn.com/nba/player/_/id/2580782/spencer-dinwiddie,Brooklyn Nets,Point Guard,"6' 6"", 215 lbs",4/6/1993 (30),Colorado,"2014: Rd 2, Pk 38 (DET)",Active,8th Season,"Woodland Hills, CA"
https://www.espn.com/nba/player/_/id/4238/eric-bledsoe,,Shooting Guard,,12/9/1989,Kentucky,"2010: Rd 1, Pk 18 (OKC)",,,"Birmingham, AL"
https://www.espn.com/nba/player/_/id/2991043/caris-levert,Cleveland Cavaliers,Shooting Guard,"6' 6"", 205 lbs",8/25/1994 (28),Michigan,"2016: Rd 1, Pk 20 (IND)",Active,6th Season,"Pickerington, OH"
https://www.espn.com/nba/player/_/id/3102529/clint-capela,Atlanta Hawks,Center,"6' 10"", 256 lbs",5/18/1994 (29),,"2014: Rd 1, Pk 25 (HOU)",Active,8th Season,"Geneva, Switzerland"
https://www.espn.com/nba/player/_/id/2528794/joe-harris,Brooklyn Nets,Small Forward,"6' 6"", 220 lbs",9/6/1991 (31),Virginia,"2014: Rd 2, Pk 33 (CLE)",Active,8th Season,"Chelan, WA"
https://www.espn.com/nba/player/_/id/3155942/domantas-sabonis,Sacramento Kings,Power Forward,"7' 0"", 240 lbs",5/3/1996 (27),Gonzaga,"2016: Rd 1, Pk 11 (ORL)",Game Time Decision,6th Season,"Kaunas, Lithuania"
https://www.espn.com/nba/player/_/id/6578/harrison-barnes,Sacramento Kings,Small Forward,"6' 8"", 225 lbs",5/30/1992 (31),North Carolina,"2012: Rd 1, Pk 7 (GS)",Active,10th Season,"Ames, IA"
https://www.espn.com/nba/player/_/id/6588/evan-fournier,New York Knicks,Shooting Guard,"6' 6"", 205 lbs",10/29/1992 (30),,"2012: Rd 1, Pk 20 (DEN)",Active,10th Season,France
https://www.espn.com/nba/player/_/id/3037789/bogdan-bogdanovic,Atlanta Hawks,Shooting Guard,"6' 5"", 225 lbs",8/18/1992 (30),,"2014: Rd 1, Pk 27 (PHX)",Active,5th Season,"Belgrade, Serbia"
https://www.espn.com/nba/player/_/id/2991235/steven-adams,Memphis Grizzlies,Center,"6' 11"", 265 lbs",7/20/1993 (29),Pitt,"2013: Rd 1, Pk 12 (OKC)",Game Time Decision,9th Season,"Rotorua, New Zealand"
https://www.espn.com/nba/player/_/id/4277843/gary-trent-jr.,Toronto Raptors,Shooting Guard,"6' 5"", 209 lbs",1/18/1999 (24),Duke,"2018: Rd 2, Pk 37 (SAC)",Active,4th Season,"Columbus, OH"
https://www.espn.com/nba/player/_/id/4065654/jonathan-isaac,Orlando Magic,Power Forward,"6' 10"", 230 lbs",10/3/1997 (25),Florida St,"2017: Rd 1, Pk 6 (ORL)",Game Time Decision,3rd Season,"Naples, FL"
https://www.espn.com/nba/player/_/id/3934719/o.g.-anunoby,Toronto Raptors,Small Forward,"6' 7"", 232 lbs",7/17/1997 (25),Indiana,"2017: Rd 1, Pk 23 (TOR)",Active,5th Season,"Jefferson City, MO"
https://www.espn.com/nba/player/_/id/2990992/marcus-smart,Memphis Grizzlies,Point Guard,"6' 4"", 220 lbs",3/6/1994 (29),Oklahoma St,"2014: Rd 1, Pk 6 (BOS)",Active,8th Season,"Flower Mound, TX"
https://www.espn.com/nba/player/_/id/4351852/mitchell-robinson,New York Knicks,Center,"7' 0"", 240 lbs",4/1/1998 (25),,"2018: Rd 2, Pk 36 (NY)",Active,4th Season,"Pensacola, FL"
https://www.espn.com/nba/player/_/id/3157465/duncan-robinson,Miami Heat,Forward,"6' 7"", 215 lbs",4/22/1994 (29),Michigan,,Active,4th Season,"York, ME"
https://www.espn.com/nba/player/_/id/3078576/derrick-white,Boston Celtics,Point Guard,"6' 4"", 190 lbs",7/2/1994 (28),Colorado,"2017: Rd 1, Pk 29 (SA)",Active,5th Season,"Parker, CO"
https://www.espn.com/nba/player/_/id/2595516/norman-powell,LA Clippers,Guard,"6' 3"", 215 lbs",5/25/1993 (30),UCLA,"2015: Rd 2, Pk 46 (MIL)",Active,7th Season,"San Diego, CA"
https://www.espn.com/nba/player/_/id/3907497/dejounte-murray,Atlanta Hawks,Shooting Guard,"6' 5"", 180 lbs",9/19/1996 (26),Washington,"2016: Rd 1, Pk 29 (SA)",Active,5th Season,"Seattle, WA"
https://www.espn.com/nba/player/_/id/4277811/collin-sexton,Utah Jazz,Point Guard,"6' 2"", 190 lbs",1/4/1999 (24),Alabama,"2018: Rd 1, Pk 8 (CLE)",Active,4th Season,"Marietta, GA"
https://www.espn.com/nba/player/_/id/4066636/markelle-fultz,Orlando Magic,Point Guard,"6' 4"", 209 lbs",5/29/1998 (25),Washington,"2017: Rd 1, Pk 1 (PHI)",Active,5th Season,"Upper Marlboro, MD"
https://www.espn.com/nba/player/_/id/4066336/lauri-markkanen,Utah Jazz,Power Forward,"7' 0"", 240 lbs",5/22/1997 (26),Arizona,"2017: Rd 1, Pk 7 (MIN)",Active,5th Season,"Jyvaskyla, Finland"
https://www.espn.com/nba/player/_/id/6462/marcus-morris-sr.,LA Clippers,Small Forward,"6' 8"", 218 lbs",9/2/1989 (33),Kansas,"2011: Rd 1, Pk 14 (HOU)",Active,11th Season,"Philadelphia, PA"
https://www.espn.com/nba/player/_/id/6426/davis-bertans,Oklahoma City Thunder,Small Forward,"6' 10"", 225 lbs",11/12/1992 (30),,"2011: Rd 2, Pk 42 (IND)",Active,6th Season,Latvia
https://www.espn.com/nba/player/_/id/3102530/jusuf-nurkic,Portland Trail Blazers,Center,"7' 0"", 290 lbs",8/23/1994 (28),,"2014: Rd 1, Pk 16 (CHI)",Active,7th Season,"Tuzla, Bosnia & Herzegovina"
https://www.espn.com/nba/player/_/id/3907822/malik-beasley,Los Angeles Lakers,Shooting Guard,"6' 4"", 187 lbs",11/26/1996 (26),Florida St,"2016: Rd 1, Pk 19 (DEN)",Active,6th Season,"Atlanta, GA"
https://www.espn.com/nba/player/_/id/4397020/luguentz-dort,Oklahoma City Thunder,Guard,"6' 4"", 220 lbs",4/19/1999 (24),Arizona St,,Active,3rd Season,"Montreal, PQ"
https://www.espn.com/nba/player/_/id/6477/jonas-valanciunas,New Orleans Pelicans,Center,"6' 11"", 265 lbs",5/6/1992 (31),,"2011: Rd 1, Pk 5 (TOR)",Active,10th Season,"Utena, Lithuania"
https://www.espn.com/nba/player/_/id/4066372/kevin-huerter,Sacramento Kings,Shooting Guard,"6' 7"", 198 lbs",8/27/1998 (24),Maryland,"2018: Rd 1, Pk 19 (ATL)",Active,4th Season,"Albany, NY"
https://www.espn.com/nba/player/_/id/3913174/luke-kennard,Memphis Grizzlies,Shooting Guard,"6' 5"", 206 lbs",6/24/1996 (27),Duke,"2017: Rd 1, Pk 12 (DET)",Game Time Decision,5th Season,"Middletown, OH"
https://www.espn.com/nba/player/_/id/3058254/christian-wood,Dallas Mavericks,Forward,"6' 9"", 214 lbs",9/27/1995 (27),UNLV,,Active,6th Season,"Palmdale, CA"
https://www.espn.com/nba/player/_/id/4277847/wendell-carter-jr.,Orlando Magic,Center,"6' 10"", 270 lbs",4/16/1999 (24),Duke,"2018: Rd 1, Pk 7 (CHI)",Active,4th Season,"Atlanta, GA"
https://www.espn.com/nba/player/_/id/2581018/kentavious-caldwell-pope,Denver Nuggets,Shooting Guard,"6' 5"", 204 lbs",2/18/1993 (30),Georgia,"2013: Rd 1, Pk 8 (DET)",Active,9th Season,"Thomaston, GA"
https://www.espn.com/nba/player/_/id/3448/brook-lopez,Milwaukee Bucks,Center,"7' 0"", 282 lbs",4/1/1988 (35),Stanford,"2008: Rd 1, Pk 10 (NJ)",Active,14th Season,"North Hollywood, CA"
https://www.espn.com/nba/player/_/id/2528588/doug-mcdermott,San Antonio Spurs,Small Forward,"6' 6"", 225 lbs",1/3/1992 (31),Creighton,"2014: Rd 1, Pk 11 (DEN)",Active,8th Season,"Grand Forks, ND"
https://www.espn.com/nba/player/_/id/4395628/zion-williamson,New Orleans Pelicans,Power Forward,"6' 6"", 284 lbs",7/6/2000 (22),Duke,"2019: Rd 1, Pk 1 (NO)",Game Time Decision,2nd Season,"Salisbury, NC"
https://www.espn.com/nba/player/_/id/2528426/jordan-clarkson,Utah Jazz,Point Guard,"6' 5"", 194 lbs",6/7/1992 (31),Missouri,"2014: Rd 2, Pk 46 (WSH)",Active,8th Season,"San Antonio, TX"
https://www.espn.com/nba/player/_/id/3134907/kyle-kuzma,Washington Wizards,Small Forward,"6' 9"", 221 lbs",7/24/1995 (27),Utah,"2017: Rd 1, Pk 27 (BKN)",Active,5th Season,"Flint, MI"
https://www.espn.com/nba/player/_/id/2999547/gary-harris,Orlando Magic,Shooting Guard,"6' 4"", 210 lbs",9/14/1994 (28),Michigan St,"2014: Rd 1, Pk 19 (CHI)",Active,8th Season,"Fishers, IN"
https://www.espn.com/nba/player/_/id/3062679/josh-hart,New York Knicks,Shooting Guard,"6' 4"", 215 lbs",3/6/1995 (28),Villanova,"2017: Rd 1, Pk 30 (UTAH)",Active,5th Season,"Silver Spring, MD"
https://www.espn.com/nba/player/_/id/2578185/dorian-finney-smith,Brooklyn Nets,Power Forward,"6' 7"", 220 lbs",5/4/1993 (30),Florida,,Game Time Decision,6th Season,"Portsmouth, VA"
https://www.espn.com/nba/player/_/id/3948153/chris-boucher,Toronto Raptors,Power Forward,"6' 9"", 200 lbs",1/11/1993 (30),Oregon,,Active,5th Season,"Montreal, PQ"
https://www.espn.com/nba/player/_/id/3133603/kelly-oubre-jr.,Charlotte Hornets,Shooting Guard,"6' 6"", 203 lbs",12/9/1995 (27),Kansas,"2015: Rd 1, Pk 15 (ATL)",Game Time Decision,7th Season,"Henderson, NV"
https://www.espn.com/nba/player/_/id/4277848/marvin-bagley-iii,Detroit Pistons,Power Forward,"6' 10"", 235 lbs",3/14/1999 (24),Duke,"2018: Rd 1, Pk 2 (SAC)",Active,4th Season,"Phoenix, AZ"
https://www.espn.com/nba/player/_/id/2490620/robert-covington,LA Clippers,Power Forward,"6' 7"", 209 lbs",12/14/1990 (32),Tennessee St,,Active,9th Season,"Bellwood, IL"
https://www.espn.com/nba/player/_/id/2489663/kelly-olynyk,Utah Jazz,Power Forward,"6' 11"", 240 lbs",4/19/1991 (32),Gonzaga,"2013: Rd 1, Pk 13 (DAL)",Active,9th Season,"Toronto, ON"
https://www.espn.com/nba/player/_/id/2581190/josh-richardson,Miami Heat,Shooting Guard,"6' 6"", 200 lbs",9/15/1993 (29),Tennessee,"2015: Rd 2, Pk 40 (MIA)",Active,7th Season,"Edmond, OK"
https://www.espn.com/nba/player/_/id/3133601/devonte'-graham,San Antonio Spurs,Point Guard,"6' 1"", 195 lbs",2/22/1995 (28),Kansas,"2018: Rd 2, Pk 34 (ATL)",Active,4th Season,"Raleigh, NC"
https://www.espn.com/nba/player/_/id/3155526/dillon-brooks,Memphis Grizzlies,Small Forward,"6' 7"", 225 lbs",1/22/1996 (27),Oregon,"2017: Rd 2, Pk 45 (HOU)",Active,5th Season,"Mississauga, ON"
https://www.espn.com/nba/player/_/id/2993370/richaun-holmes,Dallas Mavericks,Forward,"6' 9"", 235 lbs",10/15/1993 (29),Bowling Green,"2015: Rd 2, Pk 37 (PHI)",Active,7th Season,"Lockport, IL"
https://www.espn.com/nba/player/_/id/2531367/dwight-powell,Dallas Mavericks,Center,"6' 10"", 240 lbs",7/20/1991 (31),Stanford,"2014: Rd 2, Pk 45 (CHA)",Active,8th Season,"Toronto, ON"
https://www.espn.com/nba/player/_/id/4432573/paolo-banchero,Orlando Magic,Power Forward,"6' 10"", 250 lbs",11/12/2002 (20),Duke,"2022: Rd 1, Pk 1 (ORL)",Active,Rookie,"Seattle, WA"
https://www.espn.com/nba/player/_/id/4066211/robert-williams-iii,Boston Celtics,Center,"6' 9"", 237 lbs",10/17/1997 (25),Texas A&M,"2018: Rd 1, Pk 27 (BOS)",Active,4th Season,"Shreveport, LA"
https://www.espn.com/nba/player/_/id/4395625/rj-barrett,New York Knicks,Shooting Guard,"6' 6"", 214 lbs",6/14/2000 (23),Duke,"2019: Rd 1, Pk 3 (NY)",Active,3rd Season,"Toronto, ON"
https://www.espn.com/nba/player/_/id/3064482/bobby-portis,Milwaukee Bucks,Forward,"6' 10"", 250 lbs",2/10/1995 (28),Arkansas,"2015: Rd 1, Pk 22 (CHI)",Active,7th Season,"Little Rock, AR"
https://www.espn.com/nba/player/_/id/3416/nicolas-batum,LA Clippers,Power Forward,"6' 8"", 230 lbs",12/14/1988 (34),,"2008: Rd 1, Pk 25 (HOU)",Active,14th Season,"Lisieux, France"
https://www.espn.com/nba/player/_/id/4594268/anthony-edwards,Minnesota Timberwolves,Shooting Guard,"6' 4"", 225 lbs",8/5/2001 (21),Georgia,"2020: Rd 1, Pk 1 (MIN)",Active,2nd Season,"Atlanta, GA"
https://www.espn.com/nba/player/_/id/4432166/cade-cunningham,Detroit Pistons,Point Guard,"6' 7"", 220 lbs",9/25/2001 (21),Oklahoma St,"2021: Rd 1, Pk 1 (DET)",Game Time Decision,1st Season,"Arlington, TX"
https://www.espn.com/nba/player/_/id/3033/p.j.-tucker,Philadelphia 76ers,Power Forward,"6' 5"", 245 lbs",5/5/1985 (38),Texas,"2006: Rd 2, Pk 35 (TOR)",Active,11th Season,"Raleigh, NC"
https://www.espn.com/nba/player/_/id/4277919/mo-bamba,,Center,,5/12/1998,Texas,"2018: Rd 1, Pk 6 (ORL)",,,"Harlem, NY"
https://www.espn.com/nba/player/_/id/4396991/talen-horton-tucker,Utah Jazz,Shooting Guard,"6' 4"", 234 lbs",11/25/2000 (22),Iowa State,"2019: Rd 2, Pk 46 (ORL)",Active,3rd Season,"Chicago, IL"
https://www.espn.com/nba/player/_/id/4257/derrick-favors,,Forward,,7/15/1991,Georgia Tech,"2010: Rd 1, Pk 3 (NJ)",,,"Atlanta, GA"
https://www.espn.com/nba/player/_/id/6581/jae-crowder,Milwaukee Bucks,Power Forward,"6' 6"", 235 lbs",7/6/1990 (32),Marquette,"2012: Rd 2, Pk 34 (CLE)",Active,10th Season,"Villa Rica, GA"
https://www.espn.com/nba/player/_/id/4017837/ivica-zubac,LA Clippers,Center,"7' 0"", 240 lbs",3/18/1997 (26),,"2016: Rd 2, Pk 32 (LAL)",Active,6th Season,"Mostar, Bosnia & Herzegovina"
https://www.espn.com/nba/player/_/id/6429/alec-burks,Detroit Pistons,Shooting Guard,"6' 6"", 214 lbs",7/20/1991 (31),Colorado,"2011: Rd 1, Pk 12 (UTAH)",Game Time Decision,11th Season,"Grandview, MO"
https://www.espn.com/nba/player/_/id/2528779/reggie-bullock,Dallas Mavericks,Small Forward,"6' 6"", 205 lbs",3/16/1991 (32),North Carolina,"2013: Rd 1, Pk 25 (LAC)",Active,9th Season,"Baltimore, MD"
https://www.espn.com/nba/player/_/id/4433255/chet-holmgren,Oklahoma City Thunder,Power Forward,"7' 1"", 195 lbs",5/1/2002 (21),Gonzaga,"2022: Rd 1, Pk 2 (OKC)",Game Time Decision,Rookie,"Minneapolis, MN"
https://www.espn.com/nba/player/_/id/4065732/de'andre-hunter,Atlanta Hawks,Small Forward,"6' 8"", 221 lbs",12/2/1997 (25),Virginia,"2019: Rd 1, Pk 4 (LAL)",Active,3rd Season,"Philadelphia, PA"
https://www.espn.com/nba/player/_/id/2580365/larry-nance-jr.,New Orleans Pelicans,Power Forward,"6' 8"", 245 lbs",1/1/1993 (30),Wyoming,"2015: Rd 1, Pk 27 (LAL)",Active,7th Season,"Akron, OH"
https://www.espn.com/nba/player/_/id/4279888/ja-morant,Memphis Grizzlies,Point Guard,"6' 3"", 174 lbs",8/10/1999 (23),Murray St,"2019: Rd 1, Pk 2 (MEM)",Out,3rd Season,"Dalzell, SC"
https://www.espn.com/nba/player/_/id/4432808/james-wiseman,Detroit Pistons,Center,"7' 0"", 240 lbs",3/31/2001 (22),Memphis,"2020: Rd 1, Pk 2 (GS)",Active,2nd Season,"Nashville, TN"
https://www.espn.com/nba/player/_/id/3914044/landry-shamet,Washington Wizards,Shooting Guard,"6' 4"", 190 lbs",3/13/1997 (26),Wichita St,"2018: Rd 1, Pk 26 (PHI)",Active,4th Season,"Kansas City, MO"
https://www.espn.com/nba/player/_/id/4066262/malik-monk,Sacramento Kings,Shooting Guard,"6' 3"", 200 lbs",2/4/1998 (25),Kentucky,"2017: Rd 1, Pk 11 (CHA)",Active,5th Season,"Lepanto, AR"
https://www.espn.com/nba/player/_/id/4437244/jalen-green,Houston Rockets,Shooting Guard,"6' 4"", 186 lbs",2/9/2002 (21),,"2021: Rd 1, Pk 2 (HOU)",Active,2nd Season,"Merced, CA"
https://www.espn.com/nba/player/_/id/3134908/jakob-poeltl,Toronto Raptors,Center,"7' 1"", 245 lbs",10/15/1995 (27),Utah,"2016: Rd 1, Pk 9 (TOR)",Active,6th Season,"Vienna, Austria"
https://www.espn.com/nba/player/_/id/3032978/dario-saric,Oklahoma City Thunder,Power Forward,"6' 10"", 225 lbs",4/8/1994 (29),,"2014: Rd 1, Pk 12 (ORL)",Active,5th Season,"Sibenik, Croatia"
https://www.espn.com/nba/player/_/id/2991280/nerlens-noel,,Center,,4/10/1994,Kentucky,"2013: Rd 1, Pk 6 (NO)",,,"Malden, MA"
https://www.espn.com/nba/player/_/id/2583632/royce-o'neale,Brooklyn Nets,Power Forward,"6' 6"", 226 lbs",6/5/1993 (30),Baylor,,Active,5th Season,"Killeen, TX"
https://www.espn.com/nba/player/_/id/3059310/monte-morris,Washington Wizards,Point Guard,"6' 2"", 183 lbs",6/27/1995 (28),Iowa State,"2017: Rd 2, Pk 51 (DEN)",Active,5th Season,"Grand Rapids, MI"
https://www.espn.com/nba/player/_/id/2488653/mason-plumlee,LA Clippers,Center,"7' 0"", 254 lbs",3/5/1990 (33),Duke,"2013: Rd 1, Pk 22 (BKN)",Active,9th Season,"Fort Wayne, IN"
https://www.espn.com/nba/player/_/id/2991350/alex-caruso,Chicago Bulls,Shooting Guard,"6' 5"", 186 lbs",2/28/1994 (29),Texas A&M,,Active,5th Season,"College Station, TX"
https://www.espn.com/nba/player/_/id/2960236/maxi-kleber,Dallas Mavericks,Power Forward,"6' 10"", 240 lbs",1/29/1992 (31),,,Active,5th Season,"Wurzburg, Germany"
https://www.espn.com/nba/player/_/id/4396907/darius-garland,Cleveland Cavaliers,Point Guard,"6' 1"", 192 lbs",1/26/2000 (23),Vanderbilt,"2019: Rd 1, Pk 5 (CLE)",Active,3rd Season,"Gary, IN"
https://www.espn.com/nba/player/_/id/4432639/jabari-smith-jr.,Houston Rockets,Power Forward,"6' 11"", 220 lbs",5/13/2003 (20),Auburn,"2022: Rd 1, Pk 3 (HOU)",Active,Rookie,"Fayetteville, GA"
https://www.espn.com/nba/player/_/id/2993874/kyle-anderson,Minnesota Timberwolves,Small Forward,"6' 9"", 230 lbs",9/20/1993 (29),UCLA,"2014: Rd 1, Pk 30 (SA)",Game Time Decision,8th Season,"Fairview, NJ"
https://www.espn.com/nba/player/_/id/2527963/victor-oladipo,Miami Heat,Shooting Guard,"6' 4"", 213 lbs",5/4/1992 (31),Indiana,"2013: Rd 1, Pk 2 (ORL)",Game Time Decision,9th Season,"Silver Spring, MD"
https://www.espn.com/nba/player/_/id/2451037/daniel-theis,Indiana Pacers,Center,"6' 8"", 245 lbs",4/4/1992 (31),,,Active,5th Season,"Salzgitter, Germany"
https://www.espn.com/nba/player/_/id/4432816/lamelo-ball,Charlotte Hornets,Point Guard,"6' 7"", 180 lbs",8/22/2001 (21),,"2020: Rd 1, Pk 3 (CHA)",Game Time Decision,2nd Season,"Chino Hills, CA"
https://www.espn.com/nba/player/_/id/4278067/nic-claxton,Brooklyn Nets,Center,"6' 11"", 215 lbs",4/17/1999 (24),Georgia,"2019: Rd 2, Pk 31 (BKN)",Active,3rd Season,"Greenville, SC"
https://www.espn.com/nba/player/_/id/3135045/grayson-allen,Milwaukee Bucks,Shooting Guard,"6' 4"", 198 lbs",10/8/1995 (27),Duke,"2018: Rd 1, Pk 21 (UTAH)",Active,4th Season,"Jacksonville, FL"
https://www.espn.com/nba/player/_/id/2326307/seth-curry,Dallas Mavericks,Shooting Guard,"6' 1"", 185 lbs",8/23/1990 (32),Duke,,Active,8th Season,"Charlotte, NC"
https://www.espn.com/nba/player/_/id/4432158/evan-mobley,Cleveland Cavaliers,Power Forward,"6' 11"", 215 lbs",6/18/2001 (22),USC,"2021: Rd 1, Pk 3 (CLE)",Active,1st Season,"Murrieta, CA"
https://www.espn.com/nba/player/_/id/3134903/gary-payton-ii,Golden State Warriors,Shooting Guard,"6' 2"", 195 lbs",12/1/1992 (30),Oregon St,,Active,6th Season,"Las Vegas, NV"
https://www.espn.com/nba/player/_/id/4066436/de'anthony-melton,Philadelphia 76ers,Shooting Guard,"6' 2"", 200 lbs",5/28/1998 (25),USC,"2018: Rd 2, Pk 46 (HOU)",Active,4th Season,"North Hollywood, CA"
https://www.espn.com/nba/player/_/id/2530530/t.j.-mcconnell,Indiana Pacers,Point Guard,"6' 1"", 190 lbs",3/25/1992 (31),Arizona,,Active,7th Season,"Pittsburgh, PA"
https://www.espn.com/nba/player/_/id/4594327/keegan-murray,Sacramento Kings,Small Forward,"6' 8"", 215 lbs",8/19/2000 (22),Iowa,"2022: Rd 1, Pk 4 (SAC)",Active,Rookie,"Cedar Rapids, IA"
https://www.espn.com/nba/player/_/id/3244/thaddeus-young,Toronto Raptors,Power Forward,"6' 8"", 235 lbs",6/21/1988 (35),Georgia Tech,"2007: Rd 1, Pk 12 (PHI)",Active,15th Season,"New Orleans, LA"
https://www.espn.com/nba/player/_/id/2990962/taurean-prince,Los Angeles Lakers,Power Forward,"6' 6"", 218 lbs",3/22/1994 (29),Baylor,"2016: Rd 1, Pk 12 (UTAH)",Active,6th Season,"San Marcos, TX"
https://www.espn.com/nba/player/_/id/3155535/kevon-looney,Golden State Warriors,Forward,"6' 9"", 222 lbs",2/6/1996 (27),UCLA,"2015: Rd 1, Pk 30 (GS)",Active,7th Season,"Milwaukee, WI"
https://www.espn.com/nba/player/_/id/4222252/isaiah-hartenstein,New York Knicks,Center,"7' 0"", 250 lbs",5/5/1998 (25),,"2017: Rd 2, Pk 43 (HOU)",Active,3rd Season,"Eugene, OR"
https://www.espn.com/nba/player/_/id/3064447/delon-wright,Washington Wizards,Shooting Guard,"6' 5"", 185 lbs",4/26/1992 (31),Utah,"2015: Rd 1, Pk 20 (TOR)",Active,7th Season,"Los Angeles, CA"
https://www.espn.com/nba/player/_/id/4431687/patrick-williams,Chicago Bulls,Power Forward,"6' 7"", 215 lbs",8/26/2001 (21),Florida St,"2020: Rd 1, Pk 4 (CHI)",Active,2nd Season,"Charlotte, NC"
https://www.espn.com/nba/player/_/id/4433134/scottie-barnes,Toronto Raptors,Small Forward,"6' 8"", 225 lbs",8/1/2001 (21),Florida St,"2021: Rd 1, Pk 4 (TOR)",Active,1st Season,"West Palm Beach, FL"
https://www.espn.com/nba/player/_/id/3893016/cedi-osman,Cleveland Cavaliers,Small Forward,"6' 7"", 230 lbs",4/8/1995 (28),,"2015: Rd 2, Pk 31 (MIN)",Active,5th Season,"Ohrid, Macedonia"
https://www.espn.com/nba/player/_/id/4395651/coby-white,Chicago Bulls,Point Guard,"6' 5"", 195 lbs",2/16/2000 (23),North Carolina,"2019: Rd 1, Pk 7 (CHI)",Active,3rd Season,"Goldsboro, NC"
https://www.espn.com/nba/player/_/id/2968439/aron-baynes,,Center,,12/9/1986,Washington St,,,,"Gisborne, New Zealand"
https://www.espn.com/nba/player/_/id/4066650/zach-collins,San Antonio Spurs,Power Forward,"6' 11"", 250 lbs",11/19/1997 (25),Gonzaga,"2017: Rd 1, Pk 10 (SAC)",Game Time Decision,4th Season,"Las Vegas, NV"
https://www.espn.com/nba/player/_/id/4433218/jaden-ivey,Detroit Pistons,Point Guard,"6' 4"", 195 lbs",2/13/2002 (21),Purdue,"2022: Rd 1, Pk 5 (DET)",Active,1st Season,"South Bend, IN"
https://www.espn.com/nba/player/_/id/3136777/jae'sean-tate,Houston Rockets,Small Forward,"6' 5"", 230 lbs",10/28/1995 (27),Ohio State,,Game Time Decision,2nd Season,"Pickerington, OH"
https://www.espn.com/nba/player/_/id/4432822/isaac-okoro,Cleveland Cavaliers,Small Forward,"6' 5"", 225 lbs",1/26/2001 (22),Auburn,"2020: Rd 1, Pk 5 (CLE)",Active,2nd Season,"Powder Springs, GA"
https://www.espn.com/nba/player/_/id/3138161/cody-martin,Charlotte Hornets,Small Forward,"6' 6"", 205 lbs",9/28/1995 (27),Nevada,"2019: Rd 2, Pk 36 (CHA)",Game Time Decision,3rd Season,"Mocksville, NC"
https://www.espn.com/nba/player/_/id/4432165/jalen-suggs,Orlando Magic,Shooting Guard,"6' 5"", 205 lbs",6/3/2001 (22),Gonzaga,"2021: Rd 1, Pk 5 (ORL)",Active,1st Season,"Saint Paul, MN"
https://www.espn.com/nba/player/_/id/4397077/jaxson-hayes,New Orleans Pelicans,Center,"7' 0"", 220 lbs",5/23/2000 (23),Texas,"2019: Rd 1, Pk 8 (ATL)",Active,3rd Season,"Norman, OK"
https://www.espn.com/nba/player/_/id/2578240/khem-birch,San Antonio Spurs,Center,"6' 8"", 233 lbs",9/28/1992 (30),UNLV,,Active,5th Season,"Montreal, PQ"
https://www.espn.com/nba/player/_/id/4683634/bennedict-mathurin,Indiana Pacers,Shooting Guard,"6' 5"", 210 lbs",6/19/2002 (21),Arizona,"2022: Rd 1, Pk 6 (IND)",Active,Rookie,"Montreal, PQ"
https://www.espn.com/nba/player/_/id/3428/danilo-gallinari,Washington Wizards,Power Forward,"6' 10"", 236 lbs",8/8/1988 (34),,"2008: Rd 1, Pk 6 (NY)",Game Time Decision,13th Season,"Sant'Angelo Lodigiano, Italy"
https://www.espn.com/nba/player/_/id/4004/patty-mills,Brooklyn Nets,Point Guard,"6' 0"", 180 lbs",8/11/1988 (34),Saint Mary's,"2009: Rd 2, Pk 55 (POR)",Active,13th Season,"Canberra, ACT"
https://www.espn.com/nba/player/_/id/2968436/joe-ingles,Orlando Magic,Shooting Guard,"6' 8"", 220 lbs",10/2/1987 (35),,,Active,8th Season,"Adelaide, SA"
https://www.espn.com/nba/player/_/id/3138160/caleb-martin,Miami Heat,Small Forward,"6' 5"", 205 lbs",9/28/1995 (27),Nevada,,Active,3rd Season,"Mocksville, NC"
https://www.espn.com/nba/player/_/id/4277890/lonnie-walker-iv,Los Angeles Lakers,Guard,"6' 4"", 204 lbs",12/14/1998 (24),Miami,"2018: Rd 1, Pk 18 (SA)",Active,4th Season,"Reading, PA"
https://www.espn.com/nba/player/_/id/4237/john-wall,,Point Guard,,9/6/1990,Kentucky,"2010: Rd 1, Pk 1 (WSH)",,,"Raleigh, NC"
https://www.espn.com/nba/player/_/id/4065670/bruce-brown,Indiana Pacers,Small Forward,"6' 4"", 202 lbs",8/15/1996 (26),Miami,"2018: Rd 2, Pk 42 (DET)",Active,4th Season,"Boston, MA"
https://www.espn.com/nba/player/_/id/4431680/onyeka-okongwu,Atlanta Hawks,Power Forward,"6' 9"", 240 lbs",12/11/2000 (22),USC,"2020: Rd 1, Pk 6 (ATL)",Active,2nd Season,"Chino, CA"
https://www.espn.com/nba/player/_/id/4277928/jarrett-culver,,Guard,,2/20/1999,Texas Tech,"2019: Rd 1, Pk 6 (PHX)",,,"Dallas, TX"
https://www.espn.com/nba/player/_/id/4871145/josh-giddey,Oklahoma City Thunder,Shooting Guard,"6' 8"", 216 lbs",10/10/2002 (20),,"2021: Rd 1, Pk 6 (OKC)",Active,1st Season,
https://www.espn.com/nba/player/_/id/4066648/rui-hachimura,Los Angeles Lakers,Power Forward,"6' 8"", 230 lbs",2/8/1998 (25),Gonzaga,"2019: Rd 1, Pk 9 (WSH)",Active,3rd Season,"Toyama, Japan"
https://www.espn.com/nba/player/_/id/3005/rudy-gay,Utah Jazz,Small Forward,"6' 8"", 250 lbs",8/17/1986 (36),UConn,"2006: Rd 1, Pk 8 (HOU)",Active,16th Season,"Baltimore, MD"
https://www.espn.com/nba/player/_/id/4914336/shaedon-sharpe,Portland Trail Blazers,Shooting Guard,"6' 5"", 200 lbs",5/30/2003 (20),Kentucky,"2022: Rd 1, Pk 7 (POR)",Active,Rookie,"London, ON"
https://www.espn.com/nba/player/_/id/2594922/otto-porter-jr.,Toronto Raptors,Small Forward,"6' 8"", 198 lbs",6/3/1993 (30),Georgetown,"2013: Rd 1, Pk 3 (WSH)",Game Time Decision,9th Season,"Saint Louis, MO"
https://www.espn.com/nba/player/_/id/3064230/cameron-payne,Phoenix Suns,Point Guard,"6' 1"", 183 lbs",8/8/1994 (28),Murray St,"2015: Rd 1, Pk 14 (OKC)",Active,7th Season,"Bartlett, TN"
https://www.espn.com/nba/player/_/id/4395627/cam-reddish,Los Angeles Lakers,Small Forward,"6' 8"", 217 lbs",9/1/1999 (23),Duke,"2019: Rd 1, Pk 10 (ATL)",Active,3rd Season,"Norristown, PA"
https://www.espn.com/nba/player/_/id/3138196/cameron-johnson,Brooklyn Nets,Small Forward,"6' 8"", 210 lbs",3/3/1996 (27),North Carolina,"2019: Rd 1, Pk 11 (MIN)",Active,3rd Season,"Moon Township, PA"
https://www.espn.com/nba/player/_/id/4011/ricky-rubio,Cleveland Cavaliers,Point Guard,"6' 2"", 190 lbs",10/21/1990 (32),,"2009: Rd 1, Pk 5 (MIN)",Active,11th Season,"Barcelona, Spain"
https://www.espn.com/nba/player/_/id/4278075/kevin-knox-ii,Portland Trail Blazers,Small Forward,"6' 7"", 215 lbs",8/11/1999 (23),Kentucky,"2018: Rd 1, Pk 9 (NY)",Active,4th Season,"Phoenix, AZ"
https://www.espn.com/nba/player/_/id/4278078/p.j.-washington,Charlotte Hornets,Power Forward,"6' 7"", 230 lbs",8/23/1998 (24),Kentucky,"2019: Rd 1, Pk 12 (CHA)",Game Time Decision,3rd Season,"Louisville, KY"
https://www.espn.com/nba/player/_/id/4433247/jonathan-kuminga,Golden State Warriors,Power Forward,"6' 7"", 225 lbs",10/6/2002 (20),,"2021: Rd 1, Pk 7 (GS)",Active,1st Season,"Goma, Democratic Republic of Congo"
https://www.espn.com/nba/player/_/id/2578239/pat-connaughton,Milwaukee Bucks,Shooting Guard,"6' 5"", 209 lbs",1/6/1993 (30),Notre Dame,"2015: Rd 2, Pk 41 (BKN)",Active,7th Season,"Arlington, MA"
https://www.espn.com/nba/player/_/id/4395725/tyler-herro,Miami Heat,Point Guard,"6' 5"", 195 lbs",1/20/2000 (23),Kentucky,"2019: Rd 1, Pk 13 (MIA)",Active,3rd Season,"Milwaukee, WI"
https://www.espn.com/nba/player/_/id/4397008/romeo-langford,San Antonio Spurs,Shooting Guard,"6' 5"", 216 lbs",10/25/1999 (23),Indiana,"2019: Rd 1, Pk 14 (BOS)",Active,3rd Season,"New Albany, IN"
https://www.espn.com/nba/player/_/id/4683024/killian-hayes,Detroit Pistons,Point Guard,"6' 5"", 195 lbs",7/27/2001 (21),,"2020: Rd 1, Pk 7 (DET)",Active,2nd Season,"Lakeland, FL"
https://www.espn.com/nba/player/_/id/4869342/dyson-daniels,New Orleans Pelicans,Guard,"6' 7"", 199 lbs",3/17/2003 (20),,"2022: Rd 1, Pk 8 (NO)",Active,Rookie,"Bendigo, VIC"
https://www.espn.com/nba/player/_/id/3452/javale-mcgee,Dallas Mavericks,Center,"7' 0"", 270 lbs",1/19/1988 (35),Nevada,"2008: Rd 1, Pk 18 (WSH)",Active,14th Season,"Flint, MI"
https://www.espn.com/nba/player/_/id/4278355/obi-toppin,New York Knicks,Power Forward,"6' 9"", 220 lbs",3/4/1998 (25),Dayton,"2020: Rd 1, Pk 8 (NY)",Active,2nd Season,"Brooklyn, NY"
https://www.espn.com/nba/player/_/id/4566434/franz-wagner,Orlando Magic,Small Forward,"6' 10"", 220 lbs",8/27/2001 (21),Michigan,"2021: Rd 1, Pk 8 (ORL)",Active,1st Season,"Berlin, Germany"
https://www.espn.com/nba/player/_/id/3056247/kendrick-nunn,Washington Wizards,Guard,"6' 3"", 190 lbs",8/3/1995 (27),Oakland,,Active,2nd Season,"Chicago, IL"
https://www.espn.com/nba/player/_/id/4080610/hamidou-diallo,Detroit Pistons,Shooting Guard,"6' 5"", 202 lbs",7/31/1998 (24),Kentucky,"2018: Rd 2, Pk 45 (BKN)",Game Time Decision,4th Season,"Queens, NY"
https://www.espn.com/nba/player/_/id/6446/cory-joseph,Detroit Pistons,Point Guard,"6' 3"", 200 lbs",8/20/1991 (31),Texas,"2011: Rd 1, Pk 29 (SA)",Active,11th Season,"Henderson, NV"
https://www.espn.com/nba/player/_/id/2528693/torrey-craig,Phoenix Suns,Small Forward,"6' 7"", 221 lbs",12/19/1990 (32),SC Upstate,,Active,5th Season,"Columbia, SC"
https://www.espn.com/nba/player/_/id/4610139/jeremy-sochan,San Antonio Spurs,Forward,"6' 8"", 230 lbs",5/20/2003 (20),Baylor,"2022: Rd 1, Pk 9 (SA)",Active,Rookie,"Milton Keynes, England"
https://www.espn.com/nba/player/_/id/3062744/david-nwaba,,Small Forward,,1/14/1993,Cal Poly,,,,"Los Angeles, CA"
https://www.espn.com/nba/player/_/id/4278039/nickeil-alexander-walker,Minnesota Timberwolves,Shooting Guard,"6' 5"", 205 lbs",9/2/1998 (24),Virginia Tech,"2019: Rd 1, Pk 17 (BKN)",Active,3rd Season,"Toronto, ON"
https://www.espn.com/nba/player/_/id/3929325/furkan-korkmaz,Philadelphia 76ers,Shooting Guard,"6' 7"", 202 lbs",7/24/1997 (25),,"2016: Rd 1, Pk 26 (PHI)",Active,5th Season,"Bakirkoy, Turkey"
https://www.espn.com/nba/player/_/id/3102528/dante-exum,,Point Guard,,7/13/1995,,"2014: Rd 1, Pk 5 (UTAH)",,,"Melbourne, VIC"
https://www.espn.com/nba/player/_/id/2799/lou-williams,,Shooting Guard,,10/27/1986,,"2005: Rd 2, Pk 45 (PHI)",,,"Memphis, TN"
https://www.espn.com/nba/player/_/id/4683021/deni-avdija,Washington Wizards,Small Forward,"6' 9"", 210 lbs",1/3/2001 (22),,"2020: Rd 1, Pk 9 (WSH)",Active,2nd Season,"Tel Aviv, Israel"
https://www.espn.com/nba/player/_/id/4023/garrett-temple,New Orleans Pelicans,Small Forward,"6' 6"", 195 lbs",5/8/1986 (37),LSU,,Active,12th Season,"Baton Rouge, LA"
https://www.espn.com/nba/player/_/id/4278053/davion-mitchell,Sacramento Kings,Point Guard,"6' 0"", 202 lbs",9/5/1998 (24),Baylor,"2021: Rd 1, Pk 9 (SAC)",Active,1st Season,"Hinesville, GA"
https://www.espn.com/nba/player/_/id/4432356/johnny-davis,Washington Wizards,Guard,"6' 4"", 195 lbs",2/27/2002 (21),Wisconsin,"2022: Rd 1, Pk 10 (WSH)",Active,Rookie,"La Crosse, WI"
https://www.espn.com/nba/player/_/id/4305/ish-smith,Denver Nuggets,Point Guard,"6' 0"", 175 lbs",7/5/1988 (34),Wake Forest,,Active,12th Season,"Concord, NC"
https://www.espn.com/nba/player/_/id/4397189/jalen-smith,Indiana Pacers,Power Forward,"6' 9"", 215 lbs",3/16/2000 (23),Maryland,"2020: Rd 1, Pk 10 (PHX)",Active,2nd Season,"Baltimore, MD"
https://www.espn.com/nba/player/_/id/4433137/ziaire-williams,Memphis Grizzlies,Forward,"6' 9"", 185 lbs",9/12/2001 (21),Stanford,"2021: Rd 1, Pk 10 (NO)",Active,1st Season,"Lancaster, CA"
https://www.espn.com/nba/player/_/id/4997526/ousmane-dieng,Oklahoma City Thunder,Forward,"6' 9"", 185 lbs",5/21/2003 (20),,"2022: Rd 1, Pk 11 (NY)",Active,Rookie,
https://www.espn.com/nba/player/_/id/6591/maurice-harkless,,Small Forward,,5/11/1993,St John's,"2012: Rd 1, Pk 15 (PHI)",,,"Queens, NY"
https://www.espn.com/nba/player/_/id/3934673/donte-divincenzo,Golden State Warriors,Shooting Guard,"6' 4"", 203 lbs",1/31/1997 (26),Villanova,"2018: Rd 1, Pk 17 (MIL)",Active,4th Season,"Newark, DE"
https://www.espn.com/nba/player/_/id/3209/jeff-green,Denver Nuggets,Power Forward,"6' 8"", 235 lbs",8/28/1986 (36),Georgetown,"2007: Rd 1, Pk 5 (BOS)",Active,14th Season,"Hyattsville, MD"
https://www.espn.com/nba/player/_/id/4395630/devin-vassell,San Antonio Spurs,Shooting Guard,"6' 5"", 200 lbs",8/23/2000 (22),Florida St,"2020: Rd 1, Pk 11 (SA)",Active,2nd Season,"Suwanee, GA"
https://www.espn.com/nba/player/_/id/3907498/matisse-thybulle,Portland Trail Blazers,Shooting Guard,"6' 5"", 201 lbs",3/4/1997 (26),Washington,"2019: Rd 1, Pk 20 (BOS)",Active,3rd Season,"Issaquah, WA"
https://www.espn.com/nba/player/_/id/4278077/jarred-vanderbilt,Los Angeles Lakers,Power Forward,"6' 8"", 214 lbs",4/3/1999 (24),Kentucky,"2018: Rd 2, Pk 41 (ORL)",Active,4th Season,"Houston, TX"
https://www.espn.com/nba/player/_/id/4431712/james-bouknight,Charlotte Hornets,Shooting Guard,"6' 4"", 190 lbs",9/18/2000 (22),UConn,"2021: Rd 1, Pk 11 (CHA)",Active,1st Season,"Brooklyn, NY"
https://www.espn.com/nba/player/_/id/3906665/brandon-clarke,Memphis Grizzlies,Power Forward,"6' 8"", 215 lbs",9/19/1996 (26),Gonzaga,"2019: Rd 1, Pk 21 (OKC)",Out,3rd Season,"Vancouver, BC"
https://www.espn.com/nba/player/_/id/4593803/jalen-williams,Oklahoma City Thunder,Forward,"6' 6"", 195 lbs",4/14/2001 (22),Santa Clara,"2022: Rd 1, Pk 12 (OKC)",Active,Rookie,"Gilbert, AZ"
https://www.espn.com/nba/player/_/id/4066218/grant-williams,Boston Celtics,Power Forward,"6' 6"", 236 lbs",11/30/1998 (24),Tennessee,"2019: Rd 1, Pk 22 (BOS)",Game Time Decision,3rd Season,"Charlotte, NC"
https://www.espn.com/nba/player/_/id/4423545/darius-bazley,Phoenix Suns,Power Forward,"6' 9"", 216 lbs",6/12/2000 (23),,"2019: Rd 1, Pk 23 (UTAH)",Active,3rd Season,"Boston, MA"
https://www.espn.com/nba/player/_/id/4065733/ty-jerome,Golden State Warriors,Shooting Guard,"6' 5"", 195 lbs",7/8/1997 (25),Virginia,"2019: Rd 1, Pk 24 (PHI)",Active,3rd Season,"New Rochelle, NY"
https://www.espn.com/nba/player/_/id/4396993/tyrese-haliburton,Indiana Pacers,Point Guard,"6' 5"", 185 lbs",2/29/2000 (23),Iowa State,"2020: Rd 1, Pk 12 (SAC)",Active,2nd Season,"Oshkosh, WI"
https://www.espn.com/nba/player/_/id/4395652/nassir-little,Portland Trail Blazers,Small Forward,"6' 5"", 220 lbs",2/11/2000 (23),North Carolina,"2019: Rd 1, Pk 25 (POR)",Game Time Decision,2nd Season,"Orange Park, FL"
https://www.espn.com/nba/player/_/id/4702176/joshua-primo,,Shooting Guard,,12/24/2002,Alabama,"2021: Rd 1, Pk 12 (SA)",,,"Toronto, ON"
https://www.espn.com/nba/player/_/id/4433621/jalen-duren,Detroit Pistons,Center,"6' 11"", 250 lbs",11/18/2003 (19),Memphis,"2022: Rd 1, Pk 13 (CHA)",Active,Rookie,"Sharon Hill, PA"
https://www.espn.com/nba/player/_/id/2991155/danuel-house-jr.,Philadelphia 76ers,Small Forward,"6' 6"", 220 lbs",6/7/1993 (30),Texas A&M,,Active,6th Season,"Fresno, TX"
https://www.espn.com/nba/player/_/id/3135047/justise-winslow,Portland Trail Blazers,Power Forward,"6' 6"", 222 lbs",3/26/1996 (27),Duke,"2015: Rd 1, Pk 10 (MIA)",Game Time Decision,6th Season,"Houston, TX"
https://www.espn.com/nba/player/_/id/3906786/dylan-windler,Cleveland Cavaliers,Shooting Guard,"6' 7"", 196 lbs",9/22/1996 (26),Belmont,"2019: Rd 1, Pk 26 (CLE)",Game Time Decision,2nd Season,"Indianapolis, IN"
https://www.espn.com/nba/player/_/id/3149010/chandler-hutchison,,Small Forward,,4/26/1996,Boise St,"2018: Rd 1, Pk 22 (CHI)",,,"Mission Viejo, CA"
https://www.espn.com/nba/player/_/id/4395698/kira-lewis-jr.,New Orleans Pelicans,Point Guard,"6' 1"", 170 lbs",4/6/2001 (22),Alabama,"2020: Rd 1, Pk 13 (NO)",Active,2nd Season,"Meridianville, AL"
https://www.espn.com/nba/player/_/id/3919454/terence-davis,Sacramento Kings,Shooting Guard,"6' 4"", 201 lbs",5/16/1997 (26),Ole Miss,,Active,3rd Season,"Southaven, MS"
https://www.espn.com/nba/player/_/id/3438/george-hill,Indiana Pacers,Point Guard,"6' 4"", 188 lbs",5/4/1986 (37),IUPUI,"2008: Rd 1, Pk 26 (SA)",Active,14th Season,"Indianapolis, IN"
https://www.espn.com/nba/player/_/id/4592402/chris-duarte,Indiana Pacers,Shooting Guard,"6' 5"", 190 lbs",6/13/1997 (26),Oregon,"2021: Rd 1, Pk 13 (IND)",Active,1st Season,"Puerto Plata, Dominican Republic"
https://www.espn.com/nba/player/_/id/4397018/ochai-agbaji,Utah Jazz,Guard,"6' 5"", 215 lbs",4/20/2000 (23),Kansas,"2022: Rd 1, Pk 14 (CLE)",Active,Rookie,"Kansas City, MO"
https://www.espn.com/nba/player/_/id/2596107/alex-len,Sacramento Kings,Center,"7' 1"", 250 lbs",6/16/1993 (30),Maryland,"2013: Rd 1, Pk 5 (PHX)",Active,9th Season,"Antratsit, Ukraine"
https://www.espn.com/nba/player/_/id/4277956/jordan-poole,Golden State Warriors,Shooting Guard,"6' 4"", 194 lbs",6/19/1999 (24),Michigan,"2019: Rd 1, Pk 28 (GS)",Active,3rd Season,"Milwaukee, WI"
https://www.espn.com/nba/player/_/id/4395723/keldon-johnson,San Antonio Spurs,Small Forward,"6' 5"", 220 lbs",10/11/1999 (23),Kentucky,"2019: Rd 1, Pk 29 (SA)",Active,3rd Season,"South Hill, VA"
https://www.espn.com/nba/player/_/id/4396909/aaron-nesmith,Indiana Pacers,Small Forward,"6' 5"", 215 lbs",10/16/1999 (23),Vanderbilt,"2020: Rd 1, Pk 14 (BOS)",Active,2nd Season,"Charleston, SC"
https://www.espn.com/nba/player/_/id/4701232/mark-williams,Charlotte Hornets,Center,"7' 0"", 240 lbs",12/16/2001 (21),Duke,"2022: Rd 1, Pk 15 (CHA)",Game Time Decision,Rookie,"Virginia Beach, VA"
https://www.espn.com/nba/player/_/id/3929321/gabriel-deck,,Small Forward,,2/8/1995,,,,,
https://www.espn.com/nba/player/_/id/4432809/cole-anthony,Orlando Magic,Point Guard,"6' 3"", 185 lbs",5/15/2000 (23),North Carolina,"2020: Rd 1, Pk 15 (ORL)",Active,2nd Season,"New York, NY"
https://www.espn.com/nba/player/_/id/4423314/sekou-doumbouya,,Small Forward,,12/23/2000,,"2019: Rd 1, Pk 15 (DET)",,,"Conakry, Guinea"
https://www.espn.com/nba/player/_/id/4432171/moses-moody,Golden State Warriors,Shooting Guard,"6' 5"", 211 lbs",5/31/2002 (21),Arkansas,"2021: Rd 1, Pk 14 (GS)",Active,1st Season,"Little Rock, AR"
https://www.espn.com/nba/player/_/id/4280151/corey-kispert,Washington Wizards,Small Forward,"6' 6"", 224 lbs",3/3/1999 (24),Gonzaga,"2021: Rd 1, Pk 15 (WSH)",Active,1st Season,"Edmonds, WA"
https://www.espn.com/nba/player/_/id/4432585/aj-griffin,Atlanta Hawks,Forward,"6' 6"", 220 lbs",8/25/2003 (19),Duke,"2022: Rd 1, Pk 16 (ATL)",Active,Rookie,"White Plains, NY"
https://www.espn.com/nba/player/_/id/2490089/mike-muscala,Washington Wizards,Center,"6' 11"", 240 lbs",7/1/1991 (32),Bucknell,"2013: Rd 2, Pk 44 (DAL)",Active,9th Season,"Saint Louis Park, MN"
https://www.espn.com/nba/player/_/id/2990969/georges-niang,Cleveland Cavaliers,Small Forward,"6' 7"", 230 lbs",6/17/1993 (30),Iowa State,"2016: Rd 2, Pk 50 (IND)",Active,6th Season,"Methuen, MA"
https://www.espn.com/nba/player/_/id/4278052/chuma-okeke,Orlando Magic,Power Forward,"6' 8"", 229 lbs",8/18/1998 (24),Auburn,"2019: Rd 1, Pk 16 (ORL)",Active,2nd Season,"Atlanta, GA"
https://www.espn.com/nba/player/_/id/4432810/isaiah-stewart,Detroit Pistons,Center,"6' 8"", 250 lbs",5/22/2001 (22),Washington,"2020: Rd 1, Pk 16 (POR)",Game Time Decision,2nd Season,"Rochester, NY"
https://www.espn.com/nba/player/_/id/4066387/amir-coffey,LA Clippers,Shooting Guard,"6' 7"", 210 lbs",6/17/1997 (26),Minnesota,,Active,3rd Season,"Hopkins, MN"
https://www.espn.com/nba/player/_/id/4871144/alperen-sengun,Houston Rockets,Center,"6' 11"", 243 lbs",7/25/2002 (20),,"2021: Rd 1, Pk 16 (OKC)",Active,1st Season,
https://www.espn.com/nba/player/_/id/4433192/tari-eason,Houston Rockets,Forward,"6' 8"", 215 lbs",5/10/2001 (22),LSU,"2022: Rd 1, Pk 17 (HOU)",Active,Rookie,"Los Angeles, CA"
https://www.espn.com/nba/player/_/id/4683018/aleksej-pokusevski,Oklahoma City Thunder,Forward,"7' 0"", 190 lbs",12/26/2001 (21),,"2020: Rd 1, Pk 17 (MIN)",Game Time Decision,2nd Season,"Sabac, Serbia"
https://www.espn.com/nba/player/_/id/2579260/trey-burke,,Point Guard,,11/12/1992,Michigan,"2013: Rd 1, Pk 9 (MIN)",,,"Columbus, OH"
https://www.espn.com/nba/player/_/id/4397140/kevin-porter-jr.,Houston Rockets,Shooting Guard,"6' 4"", 203 lbs",5/4/2000 (23),USC,"2019: Rd 1, Pk 30 (MIL)",Active,3rd Season,"Seattle, WA"
https://www.espn.com/nba/player/_/id/4397688/trey-murphy-iii,New Orleans Pelicans,Shooting Guard,"6' 8"", 206 lbs",6/18/2000 (23),Virginia,"2021: Rd 1, Pk 17 (MEM)",Active,1st Season,"Durham, NC"
https://www.espn.com/nba/player/_/id/3899664/simone-fontecchio,Utah Jazz,Forward,"6' 7"", 209 lbs",12/9/1995 (27),,,Active,Rookie,"L'aquila, Italy"
https://www.espn.com/nba/player/_/id/3936099/derrick-jones-jr.,Chicago Bulls,Small Forward,"6' 6"", 210 lbs",2/15/1997 (26),UNLV,,Active,6th Season,"Chester, PA"
https://www.espn.com/nba/player/_/id/6585/andre-drummond,Chicago Bulls,Center,"6' 11"", 279 lbs",8/10/1993 (29),UConn,"2012: Rd 1, Pk 9 (DET)",Active,10th Season,"Mount Vernon, NY"
https://www.espn.com/nba/player/_/id/4433159/dalen-terry,Chicago Bulls,Forward,"6' 7"", 195 lbs",7/12/2002 (20),Arizona,"2022: Rd 1, Pk 18 (CHI)",Active,Rookie,"Phoenix, AZ"
https://www.espn.com/nba/player/_/id/3449/kevin-love,Miami Heat,Power Forward,"6' 8"", 251 lbs",9/7/1988 (34),UCLA,"2008: Rd 1, Pk 5 (MEM)",Active,14th Season,"Santa Monica, CA"
https://www.espn.com/nba/player/_/id/4432811/josh-green,Dallas Mavericks,Shooting Guard,"6' 7"", 200 lbs",11/16/2000 (22),Arizona,"2020: Rd 1, Pk 18 (DAL)",Active,2nd Season,"Sydney, NSW"
https://www.espn.com/nba/player/_/id/4592691/jake-laravia,Memphis Grizzlies,Forward,"6' 8"", 235 lbs",11/3/2001 (21),Wake Forest,"2022: Rd 1, Pk 19 (MIN)",Game Time Decision,Rookie,"Indianapolis, IN"
https://www.espn.com/nba/player/_/id/4432819/tre-mann,Oklahoma City Thunder,Point Guard,"6' 3"", 178 lbs",2/3/2001 (22),Florida,"2021: Rd 1, Pk 18 (OKC)",Active,1st Season,"Gainesville, FL"
https://www.espn.com/nba/player/_/id/3057187/sterling-brown,,Small Forward,,2/10/1995,SMU,"2017: Rd 2, Pk 46 (PHI)",,,"Maywood, IL"
https://www.espn.com/nba/player/_/id/4277883/jordan-nwora,Indiana Pacers,Small Forward,"6' 8"", 225 lbs",9/9/1998 (24),Louisville,"2020: Rd 2, Pk 45 (MIL)",Active,2nd Season,"Buffalo, NY"
https://www.espn.com/nba/player/_/id/4423309/luka-samanic,Utah Jazz,Forward,"6' 10"", 227 lbs",1/9/2000 (23),,"2019: Rd 1, Pk 19 (SA)",Active,Rookie,"Zagreb, Croatia"
https://www.espn.com/nba/player/_/id/4397136/saddiq-bey,Atlanta Hawks,Small Forward,"6' 7"", 215 lbs",4/9/1999 (24),Villanova,"2020: Rd 1, Pk 19 (BKN)",Active,2nd Season,"Largo, MD"
https://www.espn.com/nba/player/_/id/4565201/malaki-branham,San Antonio Spurs,Guard,"6' 4"", 180 lbs",5/12/2003 (20),Ohio State,"2022: Rd 1, Pk 20 (SA)",Active,Rookie,"Columbus, OH"
https://www.espn.com/nba/player/_/id/4431699/kai-jones,Charlotte Hornets,Power Forward,"6' 11"", 221 lbs",1/19/2001 (22),Texas,"2021: Rd 1, Pk 19 (NY)",Active,1st Season,"Nassau, Bahamas"
https://www.espn.com/nba/player/_/id/4431679/precious-achiuwa,Toronto Raptors,Power Forward,"6' 8"", 225 lbs",9/19/1999 (23),Memphis,"2020: Rd 1, Pk 20 (MIA)",Active,2nd Season,"Queens, NY"
https://www.espn.com/nba/player/_/id/4431767/christian-braun,Denver Nuggets,Guard,"6' 6"", 220 lbs",4/17/2001 (22),Kansas,"2022: Rd 1, Pk 21 (DEN)",Active,Rookie,"Burlington, KS"
https://www.espn.com/nba/player/_/id/4701230/jalen-johnson,Atlanta Hawks,Small Forward,"6' 8"", 219 lbs",12/18/2001 (21),Duke,"2021: Rd 1, Pk 20 (ATL)",Active,1st Season,"Milwaukee, WI"
https://www.espn.com/nba/player/_/id/4431678/tyrese-maxey,Philadelphia 76ers,Point Guard,"6' 2"", 200 lbs",11/4/2000 (22),Kentucky,"2020: Rd 1, Pk 21 (PHI)",Active,2nd Season,"Garland, TX"
https://www.espn.com/nba/player/_/id/4277952/bruno-fernando,Atlanta Hawks,Power Forward,"6' 10"", 240 lbs",8/15/1998 (24),Maryland,"2019: Rd 2, Pk 34 (PHI)",Active,3rd Season,"Luanda, Angola"
https://www.espn.com/nba/player/_/id/3136196/trey-lyles,Sacramento Kings,Power Forward,"6' 9"", 234 lbs",11/5/1995 (27),Kentucky,"2015: Rd 1, Pk 12 (UTAH)",Active,7th Season,"Indianapolis, IN"
https://www.espn.com/nba/player/_/id/4433136/walker-kessler,Utah Jazz,Center,"7' 0"", 245 lbs",7/26/2001 (21),Auburn,"2022: Rd 1, Pk 22 (MEM)",Game Time Decision,Rookie,"Newnan, GA"
https://www.espn.com/nba/player/_/id/3206/marc-gasol,,Center,,1/29/1985,,"2007: Rd 2, Pk 48 (LAL)",,,"Barcelona, Spain"
https://www.espn.com/nba/player/_/id/3276/anthony-tolliver,,Power Forward,,6/1/1985,Creighton,,,,"Springfield, MO"
https://www.espn.com/nba/player/_/id/4432192/keon-johnson,Portland Trail Blazers,Shooting Guard,"6' 3"", 185 lbs",3/10/2002 (21),Tennessee,"2021: Rd 1, Pk 21 (NY)",Active,Rookie,"Shelbyville, TN"
https://www.espn.com/nba/player/_/id/4397886/charles-bassey,San Antonio Spurs,Center,"6' 9"", 230 lbs",10/28/2000 (22),Western KY,"2021: Rd 2, Pk 53 (PHI)",Game Time Decision,1st Season,"Lagos, Nigeria"
https://www.espn.com/nba/player/_/id/4593041/david-roddy,Memphis Grizzlies,Forward,"6' 5"", 255 lbs",3/27/2001 (22),Colorado St,"2022: Rd 1, Pk 23 (PHI)",Active,Rookie,"Minneapolis, MN"
https://www.espn.com/nba/player/_/id/4432170/isaiah-jackson,Indiana Pacers,Small Forward,"6' 9"", 205 lbs",1/10/2002 (21),Kentucky,"2021: Rd 1, Pk 22 (LAL)",Active,1st Season,"Pontiac, MI"
https://www.espn.com/nba/player/_/id/4431690/zeke-nnaji,Denver Nuggets,Power Forward,"6' 9"", 240 lbs",1/9/2001 (22),Arizona,"2020: Rd 1, Pk 22 (DEN)",Active,2nd Season,"Lakeville, MN"
https://www.espn.com/nba/player/_/id/4432179/marjon-beauchamp,Milwaukee Bucks,Forward,"6' 7"", 199 lbs",10/12/2000 (22),,"2022: Rd 1, Pk 24 (MIL)",Active,Rookie,
https://www.espn.com/nba/player/_/id/4871143/usman-garuba,Houston Rockets,Power Forward,"6' 8"", 229 lbs",3/9/2002 (21),,"2021: Rd 1, Pk 23 (HOU)",Active,1st Season,
https://www.espn.com/nba/player/_/id/2991055/montrezl-harrell,Philadelphia 76ers,Center,"6' 7"", 240 lbs",1/26/1994 (29),Louisville,"2015: Rd 2, Pk 32 (HOU)",Active,7th Season,"Tarboro, NC"
https://www.espn.com/nba/player/_/id/2999409/willy-hernangomez,New Orleans Pelicans,Center,"6' 11"", 250 lbs",5/27/1994 (29),,"2015: Rd 2, Pk 35 (PHI)",Active,6th Season,"Madrid, Spain"
https://www.espn.com/nba/player/_/id/4683935/blake-wesley,San Antonio Spurs,Guard,"6' 4"", 185 lbs",3/16/2003 (20),Notre Dame,"2022: Rd 1, Pk 25 (SA)",Active,Rookie,"South Bend, IN"
https://www.espn.com/nba/player/_/id/4432168/josh-christopher,Houston Rockets,Shooting Guard,"6' 4"", 215 lbs",12/8/2001 (21),Arizona St,,Active,1st Season,"Carson, CA"
https://www.espn.com/nba/player/_/id/4683025/leandro-bolmaro,,Forward,,9/11/2000,,"2020: Rd 1, Pk 23 (NY)",,,"Buenos Aires, Argentina"
https://www.espn.com/nba/player/_/id/4395724/immanuel-quickley,New York Knicks,Shooting Guard,"6' 3"", 190 lbs",6/17/1999 (24),Kentucky,"2020: Rd 1, Pk 25 (OKC)",Game Time Decision,2nd Season,"Havre De Grace, MD"
https://www.espn.com/nba/player/_/id/4592187/wendell-moore-jr.,Minnesota Timberwolves,Guard,"6' 5"", 215 lbs",9/18/2001 (21),Duke,"2022: Rd 1, Pk 26 (DAL)",Active,Rookie,"Charlotte, NC"
https://www.espn.com/nba/player/_/id/3134932/john-konchar,Memphis Grizzlies,Shooting Guard,"6' 5"", 210 lbs",3/22/1996 (27),Purdue FW,,Active,3rd Season,"West Chicago, IL"
https://www.espn.com/nba/player/_/id/3064559/damian-jones,Utah Jazz,Center,"6' 11"", 245 lbs",6/30/1995 (28),Vanderbilt,"2016: Rd 1, Pk 30 (GS)",Active,6th Season,"Baton Rouge, LA"
https://www.espn.com/nba/player/_/id/4397014/quentin-grimes,New York Knicks,Shooting Guard,"6' 4"", 210 lbs",5/8/2000 (23),Houston,"2021: Rd 1, Pk 25 (LAC)",Active,1st Season,"The Woodlands, TX"
https://www.espn.com/nba/player/_/id/4395712/andrew-nembhard,Indiana Pacers,Point Guard,"6' 3"", 191 lbs",1/16/2000 (23),Gonzaga,"2022: Rd 2, Pk 31 (IND)",Active,Rookie,"Aurora, ON"
https://www.espn.com/nba/player/_/id/4997528/nikola-jovic,Miami Heat,Forward,"6' 10"", 205 lbs",6/9/2003 (20),,"2022: Rd 1, Pk 27 (MIA)",Active,Rookie,
https://www.espn.com/nba/player/_/id/4066354/payton-pritchard,Boston Celtics,Point Guard,"6' 1"", 195 lbs",1/28/1998 (25),Oregon,"2020: Rd 1, Pk 26 (BOS)",Active,2nd Season,"West Linn, OR"
https://www.espn.com/nba/player/_/id/4230557/vlatko-cancar,Denver Nuggets,Small Forward,"6' 8"", 236 lbs",4/10/1997 (26),,"2017: Rd 2, Pk 49 (DEN)",Active,3rd Season,"Koper, Slovenia"
https://www.espn.com/nba/player/_/id/4433246/patrick-baldwin-jr.,Golden State Warriors,Forward,"6' 9"", 220 lbs",11/18/2002 (20),Milwaukee,"2022: Rd 1, Pk 28 (GS)",Active,Rookie,"Sussex, WI"
https://www.espn.com/nba/player/_/id/4683749/tyty-washington-jr.,Houston Rockets,Guard,"6' 3"", 195 lbs",11/15/2001 (21),Kentucky,"2022: Rd 1, Pk 29 (MEM)",Active,Rookie,"Phoenix, AZ"
https://www.espn.com/nba/player/_/id/4592492/bones-hyland,LA Clippers,Point Guard,"6' 2"", 169 lbs",9/14/2000 (22),VCU,"2021: Rd 1, Pk 26 (DEN)",Active,1st Season,"Wilmington, DE"
https://www.espn.com/nba/player/_/id/4397102/bol-bol,Orlando Magic,Center,"7' 2"", 220 lbs",11/16/1999 (23),Oregon,"2019: Rd 2, Pk 44 (MIA)",Active,3rd Season,"Khartoum, Sudan"
https://www.espn.com/nba/player/_/id/4576087/peyton-watson,Denver Nuggets,Forward,"6' 7"", 200 lbs",9/11/2002 (20),UCLA,"2022: Rd 1, Pk 30 (OKC)",Active,Rookie,"Long Beach, CA"
https://www.espn.com/nba/player/_/id/3907487/marquese-chriss,,Small Forward,,7/2/1997,Washington,"2016: Rd 1, Pk 8 (SAC)",,,"Sacramento, CA"
https://www.espn.com/nba/player/_/id/2991042/nik-stauskas,,Guard,,10/7/1993,Michigan,"2014: Rd 1, Pk 8 (SAC)",,,"Mississauga, AB"
https://www.espn.com/nba/player/_/id/4066299/udoka-azubuike,Utah Jazz,Center,"6' 11"", 270 lbs",9/17/1999 (23),Kansas,"2020: Rd 1, Pk 27 (UTAH)",Active,2nd Season,"Delta, Nigeria"
https://www.espn.com/nba/player/_/id/4431671/jaden-mcdaniels,Minnesota Timberwolves,Power Forward,"6' 9"", 185 lbs",9/29/2000 (22),Washington,"2020: Rd 1, Pk 28 (LAL)",Game Time Decision,2nd Season,"Seattle, WA"
https://www.espn.com/nba/player/_/id/3134916/jordan-mclaughlin,Minnesota Timberwolves,Point Guard,"6' 0"", 185 lbs",4/9/1996 (27),USC,,Active,3rd Season,"Etiwanda, CA"
https://www.espn.com/nba/player/_/id/4066668/malachi-flynn,Toronto Raptors,Point Guard,"6' 1"", 175 lbs",5/9/1998 (25),San Diego St,"2020: Rd 1, Pk 29 (TOR)",Active,2nd Season,"Tacoma, WA"
https://www.espn.com/nba/player/_/id/4432174/cam-thomas,Brooklyn Nets,Shooting Guard,"6' 3"", 210 lbs",10/13/2001 (21),LSU,"2021: Rd 1, Pk 27 (BKN)",Active,1st Season,"Chesapeake, VA"
https://www.espn.com/nba/player/_/id/3064560/luke-kornet,Boston Celtics,Center,"7' 2"", 250 lbs",7/15/1995 (27),Vanderbilt,,Active,5th Season,"Lantana, TX"
https://www.espn.com/nba/player/_/id/4066320/desmond-bane,Memphis Grizzlies,Shooting Guard,"6' 5"", 215 lbs",6/25/1998 (25),TCU,"2020: Rd 1, Pk 30 (BOS)",Game Time Decision,2nd Season,"Richmond, IN"
https://www.espn.com/nba/player/_/id/3135048/jahlil-okafor,,Center,,12/15/1995,Duke,"2015: Rd 1, Pk 3 (PHI)",,,"Chicago, IL"
https://www.espn.com/nba/player/_/id/4432164/jaden-springer,Philadelphia 76ers,Guard,"6' 4"", 202 lbs",9/25/2002 (20),Tennessee,"2021: Rd 1, Pk 28 (PHI)",Active,1st Season,"Charlotte, NC"
https://www.espn.com/nba/player/_/id/4432194/day'ron-sharpe,Brooklyn Nets,Center,"6' 9"", 265 lbs",11/6/2001 (21),North Carolina,"2021: Rd 1, Pk 29 (PHX)",Active,1st Season,"Greenville, NC"
https://www.espn.com/nba/player/_/id/3133635/jevon-carter,Chicago Bulls,Point Guard,"6' 1"", 200 lbs",9/14/1995 (27),West Virginia,"2018: Rd 2, Pk 32 (MEM)",Active,4th Season,"Maywood, IL"
https://www.espn.com/nba/player/_/id/4593125/santi-aldama,Memphis Grizzlies,Power Forward,"6' 11"", 215 lbs",1/10/2001 (22),Loyola MD,"2021: Rd 1, Pk 30 (UTAH)",Active,1st Season,"Las Palmas De Gas, Spain"
https://www.espn.com/nba/player/_/id/4230547/frank-ntilikina,Dallas Mavericks,Point Guard,"6' 4"", 200 lbs",7/28/1998 (24),,"2017: Rd 1, Pk 8 (NY)",Active,5th Season,"Ixelles, Belgium"
https://www.espn.com/nba/player/_/id/4065673/tony-bradley,,Center,,1/8/1998,North Carolina,"2017: Rd 1, Pk 28 (LAL)",,,"Bartow, FL"
https://www.espn.com/nba/player/_/id/4432823/jaylin-williams,Oklahoma City Thunder,Forward,"6' 9"", 240 lbs",6/29/2002 (21),Arkansas,"2022: Rd 2, Pk 34 (OKC)",Active,Rookie,"Fort Smith, AR"
https://www.espn.com/nba/player/_/id/4432813/jeremiah-robinson-earl,Oklahoma City Thunder,Power Forward,"6' 8"", 240 lbs",11/3/2000 (22),Villanova,"2021: Rd 2, Pk 32 (NY)",Active,1st Season,"Kansas City, KS"
https://www.espn.com/nba/player/_/id/3133626/kenrich-williams,Oklahoma City Thunder,Small Forward,"6' 6"", 210 lbs",12/2/1994 (28),TCU,,Game Time Decision,4th Season,"Waco, TX"
https://www.espn.com/nba/player/_/id/2595435/abdel-nader,,Small Forward,,9/25/1993,Iowa State,"2016: Rd 2, Pk 58 (BOS)",,,"Alexandria, Egypt"
https://www.espn.com/nba/player/_/id/4433623/caleb-houstan,Orlando Magic,Guard,"6' 8"", 210 lbs",1/9/2003 (20),Michigan,"2022: Rd 2, Pk 32 (ORL)",Active,Rookie,"Mississauga, ON"
https://www.espn.com/nba/player/_/id/3988/danny-green,Cleveland Cavaliers,Forward,"6' 6"", 215 lbs",6/22/1987 (36),North Carolina,"2009: Rd 2, Pk 46 (CLE)",Active,13th Season,"North Babylon, NY"
https://www.espn.com/nba/player/_/id/3913180/garrison-mathews,Atlanta Hawks,Shooting Guard,"6' 6"", 215 lbs",10/24/1996 (26),Lipscomb,,Active,3rd Season,"Franklin, TN"
https://www.espn.com/nba/player/_/id/3915195/shake-milton,Minnesota Timberwolves,Shooting Guard,"6' 5"", 205 lbs",9/26/1996 (26),SMU,"2018: Rd 2, Pk 54 (DAL)",Active,4th Season,"Owasso, OK"
https://www.espn.com/nba/player/_/id/3136485/edmond-sumner,Brooklyn Nets,Point Guard,"6' 4"", 196 lbs",12/31/1995 (27),Xavier,"2017: Rd 2, Pk 52 (NO)",Active,4th Season,"Detroit, MI"
https://www.espn.com/nba/player/_/id/4278103/jontay-porter,,Power Forward,,11/15/1999,Missouri,,,,"Columbia, MO"
https://www.espn.com/nba/player/_/id/2999549/denzel-valentine,,Guard,,11/16/1993,Michigan St,"2016: Rd 1, Pk 14 (CHI)",,,"Lansing, MI"
https://www.espn.com/nba/player/_/id/4278049/daniel-gafford,Washington Wizards,Center,"6' 10"", 234 lbs",10/1/1998 (24),Arkansas,"2019: Rd 2, Pk 38 (CHI)",Active,3rd Season,"El Dorado, AR"
https://www.espn.com/nba/player/_/id/4066731/jalen-mcdaniels,Philadelphia 76ers,Power Forward,"6' 9"", 205 lbs",1/31/1998 (25),San Diego St,"2019: Rd 2, Pk 52 (CHA)",Active,3rd Season,"Federal Way, WA"
https://www.espn.com/nba/player/_/id/4396971/naz-reid,Minnesota Timberwolves,Center,"6' 9"", 264 lbs",8/26/1999 (23),LSU,,Game Time Decision,3rd Season,"Asbury Park, NJ"
https://www.espn.com/nba/player/_/id/4278541/jaylen-nowell,Minnesota Timberwolves,Shooting Guard,"6' 4"", 201 lbs",7/9/1999 (23),Washington,"2019: Rd 2, Pk 43 (MIN)",Active,3rd Season,"Seattle, WA"
https://www.espn.com/nba/player/_/id/3907823/terance-mann,LA Clippers,Shooting Guard,"6' 5"", 215 lbs",10/18/1996 (26),Florida St,"2019: Rd 2, Pk 48 (LAC)",Active,3rd Season,"Brooklyn, NY"
https://www.espn.com/nba/player/_/id/3912848/dean-wade,Cleveland Cavaliers,Power Forward,"6' 9"", 228 lbs",11/20/1996 (26),Kansas St,,Active,3rd Season,"Wichita, KS"
https://www.espn.com/nba/player/_/id/4066317/lindy-waters-iii,Oklahoma City Thunder,Forward,"6' 6"", 210 lbs",7/28/1997 (25),Oklahoma St,,Active,1st Season,"Norman, OK"
https://www.espn.com/nba/player/_/id/3914283/chimezie-metu,Sacramento Kings,Power Forward,"6' 9"", 225 lbs",3/22/1997 (26),USC,"2018: Rd 2, Pk 49 (SA)",Active,4th Season,"Lawndale, CA"
https://www.espn.com/nba/player/_/id/3059262/davon-reed,,Shooting Guard,,6/11/1995,Miami,"2017: Rd 2, Pk 32 (PHX)",,,"Ewing, NJ"
https://www.espn.com/nba/player/_/id/4277964/xavier-tillman,Memphis Grizzlies,Forward,"6' 8"", 245 lbs",1/12/1999 (24),Michigan St,"2020: Rd 2, Pk 35 (SAC)",Active,2nd Season,"Grand Rapids, MI"
https://www.espn.com/nba/player/_/id/4066651/killian-tillie,,Small Forward,,3/5/1998,Gonzaga,,,,"Cagnes-sur-Mer, France"
https://www.espn.com/nba/player/_/id/4683027/theo-maledon,Charlotte Hornets,Point Guard,"6' 5"", 175 lbs",6/12/2001 (22),,"2020: Rd 2, Pk 34 (PHI)",Active,2nd Season,"Paris, France"
https://www.espn.com/nba/player/_/id/3136779/keita-bates-diop,Phoenix Suns,Small Forward,"6' 8"", 229 lbs",1/23/1996 (27),Ohio State,"2018: Rd 2, Pk 48 (MIN)",Active,4th Season,"Sacramento, CA"
https://www.espn.com/nba/player/_/id/3150844/moritz-wagner,Orlando Magic,Center,"6' 11"", 245 lbs",4/26/1997 (26),Michigan,"2018: Rd 1, Pk 25 (LAL)",Active,4th Season,"Berlin, Germany"
https://www.espn.com/nba/player/_/id/3102533/thanasis-antetokounmpo,Milwaukee Bucks,Small Forward,"6' 7"", 219 lbs",7/18/1992 (30),,"2014: Rd 2, Pk 51 (NY)",Active,4th Season,"Athens, Greece"
https://www.espn.com/nba/player/_/id/4066264/wenyen-gabriel,Los Angeles Lakers,Forward,"6' 9"", 205 lbs",3/26/1997 (26),Kentucky,,Active,3rd Season,"Manchester, NH"
https://www.espn.com/nba/player/_/id/4423885/didi-louzada,,Small Forward,,7/2/1999,,"2019: Rd 2, Pk 35 (ATL)",,,"Rio De Janeiro, Brazil"
https://www.espn.com/nba/player/_/id/4278031/oshae-brissett,Indiana Pacers,Small Forward,"6' 7"", 210 lbs",6/20/1998 (25),Syracuse,,Active,3rd Season,"Mississauga, ON"
https://www.espn.com/nba/player/_/id/4065697/dennis-smith-jr.,Charlotte Hornets,Point Guard,"6' 2"", 205 lbs",11/25/1997 (25),NC State,"2017: Rd 1, Pk 9 (DAL)",Game Time Decision,5th Season,"Fayetteville, NC"
https://www.espn.com/nba/player/_/id/3133602/svi-mykhailiuk,Charlotte Hornets,Shooting Guard,"6' 7"", 205 lbs",6/10/1997 (26),Kansas,"2018: Rd 2, Pk 47 (LAL)",Active,4th Season,"Cherkasy, Ukraine"
https://www.espn.com/nba/player/_/id/4017839/juancho-hernangomez,,Power Forward,,9/28/1995,,"2016: Rd 1, Pk 15 (DEN)",,,"Madrid, Spain"
https://www.espn.com/nba/player/_/id/2581184/anthony-gill,Washington Wizards,Power Forward,"6' 8"", 230 lbs",10/17/1992 (30),Virginia,,Active,2nd Season,"High Point, NC"
https://www.espn.com/nba/player/_/id/3986/taj-gibson,Washington Wizards,Forward,"6' 9"", 232 lbs",6/24/1985 (38),USC,"2009: Rd 1, Pk 26 (CHI)",Active,13th Season,"Brooklyn, NY"
https://www.espn.com/nba/player/_/id/4401416/juan-toscano-anderson,Utah Jazz,Small Forward,"6' 6"", 209 lbs",4/10/1993 (30),Marquette,,Active,3rd Season,"Oakland, CA"
https://www.espn.com/nba/player/_/id/4395702/isaiah-joe,Oklahoma City Thunder,Shooting Guard,"6' 3"", 165 lbs",7/2/1999 (23),Arkansas,"2020: Rd 2, Pk 49 (PHI)",Active,2nd Season,"Fort Smith, AR"
https://www.espn.com/nba/player/_/id/3138156/justin-jackson,,Small Forward,,3/28/1995,North Carolina,"2017: Rd 1, Pk 15 (POR)",,,"Tomball, TX"
https://www.espn.com/nba/player/_/id/2489716/matthew-dellavedova,Sacramento Kings,Point Guard,"6' 3"", 200 lbs",9/8/1990 (32),Saint Mary's,,Game Time Decision,8th Season,"Maryborough, VIC"
https://www.espn.com/nba/player/_/id/3914285/drew-eubanks,Phoenix Suns,Power Forward,"6' 10"", 245 lbs",2/1/1997 (26),Oregon St,,Active,2nd Season,"Troutdale, OR"
https://www.espn.com/nba/player/_/id/2991047/ryan-arcidiacono,,Guard,,3/26/1994,Villanova,,,,"Langhorne, PA"
https://www.espn.com/nba/player/_/id/4065663/josh-okogie,Phoenix Suns,Small Forward,"6' 4"", 213 lbs",9/1/1998 (24),Georgia Tech,"2018: Rd 1, Pk 20 (MIN)",Active,4th Season,"Lagos, Nigeria"
https://www.espn.com/nba/player/_/id/2982334/t.j.-warren,Phoenix Suns,Small Forward,"6' 8"", 220 lbs",9/5/1993 (29),NC State,"2014: Rd 1, Pk 14 (PHX)",Active,7th Season,"Durham, NC"
https://www.espn.com/nba/player/_/id/2595209/damion-lee,Phoenix Suns,Shooting Guard,"6' 5"", 210 lbs",10/21/1992 (30),Louisville,,Active,5th Season,"Baltimore, MD"
https://www.espn.com/nba/player/_/id/6427/bismack-biyombo,Phoenix Suns,Center,"6' 8"", 255 lbs",8/28/1992 (30),,"2011: Rd 1, Pk 7 (SAC)",Active,11th Season,"Lubumbashi, Congo"
https://www.espn.com/nba/player/_/id/4067325/nathan-knight,Minnesota Timberwolves,Forward,"6' 8"", 253 lbs",9/20/1997 (25),William & Mary,,Active,2nd Season,"Syracuse, NY"
https://www.espn.com/nba/player/_/id/3908336/matt-ryan,Minnesota Timberwolves,Forward,"6' 6"", 215 lbs",4/17/1997 (26),Chattanooga,,Active,1st Season,"Cortlandt Manor, NY"
https://www.espn.com/nba/player/_/id/2994526/bryn-forbes,,Shooting Guard,,7/23/1993,Michigan St,,,,"Lansing, MI"
https://www.espn.com/nba/player/_/id/6617/austin-rivers,Minnesota Timberwolves,Shooting Guard,"6' 4"", 200 lbs",8/1/1992 (30),Duke,"2012: Rd 1, Pk 10 (NO)",Active,10th Season,"Winter Park, FL"
https://www.espn.com/nba/player/_/id/4032/wesley-matthews,Milwaukee Bucks,Shooting Guard,"6' 4"", 220 lbs",10/14/1986 (36),Marquette,,Active,13th Season,"San Antonio, TX"
https://www.espn.com/nba/player/_/id/2184/udonis-haslem,Miami Heat,Power Forward,"6' 8"", 235 lbs",6/9/1980 (43),Florida,,Active,19th Season,"Miami, FL"
https://www.espn.com/nba/player/_/id/4278508/troy-brown-jr.,Minnesota Timberwolves,Small Forward,"6' 6"", 215 lbs",7/28/1999 (23),Oregon,"2018: Rd 1, Pk 15 (WSH)",Active,4th Season,"Las Vegas, NV"
https://www.espn.com/nba/player/_/id/3032979/dennis-schroder,Toronto Raptors,Point Guard,"6' 1"", 172 lbs",9/15/1993 (29),,"2013: Rd 1, Pk 17 (ATL)",Active,9th Season,"Braunschweig, Germany"
https://www.espn.com/nba/player/_/id/2579294/frank-kaminsky,Houston Rockets,Power Forward,"7' 0"", 240 lbs",4/4/1993 (30),Wisconsin,"2015: Rd 1, Pk 9 (CHA)",Active,7th Season,"Lisle, IL"
https://www.espn.com/nba/player/_/id/2327577/jamychal-green,Golden State Warriors,Forward,"6' 9"", 227 lbs",6/21/1990 (33),Alabama,,Active,8th Season,"Montgomery, AL"
https://www.espn.com/nba/player/_/id/2386/andre-iguodala,Golden State Warriors,Forward,"6' 6"", 215 lbs",1/28/1984 (39),Arizona,"2004: Rd 1, Pk 9 (PHI)",Game Time Decision,18th Season,"Springfield, IL"
https://www.espn.com/nba/player/_/id/2488826/rodney-mcgruder,Detroit Pistons,Guard,"6' 4"", 205 lbs",7/29/1991 (31),Kansas St,,Game Time Decision,6th Season,"Landover, MD"
https://www.espn.com/nba/player/_/id/3934723/thomas-bryant,Denver Nuggets,Center,"6' 10"", 248 lbs",7/31/1997 (25),Indiana,"2017: Rd 2, Pk 42 (UTAH)",Active,5th Season,"Rochester, NY"
https://www.espn.com/nba/player/_/id/3442/deandre-jordan,Denver Nuggets,Center,"6' 11"", 265 lbs",7/21/1988 (34),Texas A&M,"2008: Rd 2, Pk 35 (LAC)",Active,14th Season,"Houston, TX"
https://www.espn.com/nba/player/_/id/3138154/theo-pinson,Dallas Mavericks,Guard,"6' 7"", 212 lbs",11/5/1995 (27),North Carolina,,Active,4th Season,"Greensboro, NC"
https://www.espn.com/nba/player/_/id/2968334/facundo-campazzo,,Guard,,3/23/1991,,,,,"Cardoba, Argentina"
https://www.espn.com/nba/player/_/id/6461/markieff-morris,Dallas Mavericks,Power Forward,"6' 9"", 245 lbs",9/2/1989 (33),Kansas,"2011: Rd 1, Pk 13 (PHX)",Active,11th Season,"Philadelphia, PA"
https://www.espn.com/nba/player/_/id/2968361/raul-neto,Cleveland Cavaliers,Point Guard,"6' 2"", 180 lbs",5/19/1992 (31),,"2013: Rd 2, Pk 47 (ATL)",Active,7th Season,Brazil
https://www.espn.com/nba/player/_/id/3447/robin-lopez,Cleveland Cavaliers,Center,"7' 0"", 281 lbs",4/1/1988 (35),Stanford,"2008: Rd 1, Pk 15 (PHX)",Active,14th Season,"North Hollywood, CA"
https://www.espn.com/nba/player/_/id/3078284/noah-vonleh,,Power Forward,,8/24/1995,Indiana,"2014: Rd 1, Pk 9 (CHA)",,,"Salem, MA"
https://www.espn.com/nba/player/_/id/3989/blake-griffin,Boston Celtics,Power Forward,"6' 9"", 250 lbs",3/16/1989 (34),Oklahoma,"2009: Rd 1, Pk 1 (LAC)",Active,12th Season,"Oklahoma City, OK"
https://www.espn.com/nba/player/_/id/3922230/aaron-holiday,Atlanta Hawks,Guard,"6' 0"", 185 lbs",9/30/1996 (26),UCLA,"2018: Rd 1, Pk 23 (IND)",Active,4th Season,"Chatsworth, CA"
https://www.espn.com/nba/player/_/id/3074797/wes-iwundu,,Forward,,12/20/1994,Kansas St,"2017: Rd 2, Pk 33 (ORL)",,,"Houston, TX"
https://www.espn.com/nba/player/_/id/3907821/dwayne-bacon,,Shooting Guard,,8/30/1995,Florida St,"2017: Rd 2, Pk 40 (NO)",,,"Lakeland, FL"
https://www.espn.com/nba/player/_/id/4065778/max-strus,Miami Heat,Shooting Guard,"6' 5"", 215 lbs",3/28/1996 (27),DePaul,,Active,3rd Season,"Hickory Hills, IL"
https://www.espn.com/nba/player/_/id/3137259/gabe-vincent,Los Angeles Lakers,Point Guard,"6' 3"", 200 lbs",6/14/1996 (27),UCSB,,Active,3rd Season,"Modesto, CA"
https://www.espn.com/nba/player/_/id/2596112/javonte-green,Chicago Bulls,Small Forward,"6' 5"", 205 lbs",7/23/1993 (29),Radford,,Active,3rd Season,"Petersburg, VA"
https://www.espn.com/nba/player/_/id/3934721/juwan-morgan,,Forward,,4/17/1997,Indiana,,,,"Waynesville, MO"
https://www.espn.com/nba/player/_/id/4277813/herbert-jones,New Orleans Pelicans,Small Forward,"6' 7"", 206 lbs",10/6/1998 (24),Alabama,"2021: Rd 2, Pk 35 (NO)",Active,1st Season,"Greensboro, AL"
https://www.espn.com/nba/player/_/id/4278076/nick-richards,Charlotte Hornets,Center,"7' 0"", 245 lbs",11/29/1997 (25),Kentucky,"2020: Rd 2, Pk 42 (NO)",Active,2nd Season,"Kingston, Jamaica"
https://www.espn.com/nba/player/_/id/4431669/vernon-carey-jr.,,Center,,2/25/2001,Duke,"2020: Rd 2, Pk 32 (CHA)",,,"Southwest Ranches, FL"
https://www.espn.com/nba/player/_/id/4395626/tre-jones,San Antonio Spurs,Point Guard,"6' 1"", 185 lbs",1/8/2000 (23),Duke,"2020: Rd 2, Pk 41 (SA)",Active,2nd Season,"Apple Valley, MN"
https://www.espn.com/nba/player/_/id/4278521/kz-okpala,,Small Forward,,4/28/1999,Stanford,"2019: Rd 2, Pk 32 (PHX)",,,"Orange County, CA"
https://www.espn.com/nba/player/_/id/4278562/paul-reed,Philadelphia 76ers,Small Forward,"6' 9"", 210 lbs",6/14/1999 (24),DePaul,"2020: Rd 2, Pk 58 (PHI)",Active,2nd Season,"Orlando, FL"
https://www.espn.com/nba/player/_/id/2991018/yogi-ferrell,,Point Guard,,5/9/1993,Indiana,,,,"Indianapolis, IN"
https://www.espn.com/nba/player/_/id/4431828/kenyon-martin-jr.,Houston Rockets,Forward,"6' 7"", 215 lbs",1/6/2001 (22),,"2020: Rd 2, Pk 52 (SAC)",Active,2nd Season,"West Hills, CA"
https://www.espn.com/nba/player/_/id/4401415/alen-smailagic,,Power Forward,,8/18/2000,,"2019: Rd 2, Pk 39 (NO)",,,"Belgrade, Serbia"
https://www.espn.com/nba/player/_/id/4066405/lamar-stevens,Cleveland Cavaliers,Forward,"6' 6"", 230 lbs",7/9/1997 (25),Penn State,,Active,2nd Season,"Philadelphia, PA"
https://www.espn.com/nba/player/_/id/4278594/naji-marshall,New Orleans Pelicans,Small Forward,"6' 7"", 220 lbs",1/24/1998 (25),Xavier,,Active,2nd Season,"Atlantic City, NJ"
https://www.espn.com/nba/player/_/id/4066851/miye-oni,,Shooting Guard,,8/4/1997,Yale,"2019: Rd 2, Pk 58 (GS)",,,"Northridge, CA"
https://www.espn.com/nba/player/_/id/3133838/yuta-watanabe,Phoenix Suns,Small Forward,"6' 8"", 215 lbs",10/13/1994 (28),G Washington,,Active,4th Season,"Kagawa, Japan"
https://www.espn.com/nba/player/_/id/3912334/khyri-thomas,,Shooting Guard,,5/8/1996,Creighton,"2018: Rd 2, Pk 38 (PHI)",,,"Omaha, NE"
https://www.espn.com/nba/player/_/id/4278124/saben-lee,Phoenix Suns,Guard,"6' 2"", 183 lbs",6/23/1999 (24),Vanderbilt,"2020: Rd 2, Pk 38 (UTAH)",Active,2nd Season,"Phoenix, AZ"
https://www.espn.com/nba/player/_/id/3906977/devin-cannady,,Guard,,5/21/1996,Princeton,,,,"Mishawaka, IN"
https://www.espn.com/nba/player/_/id/4231914/luca-vildoza,,Guard,,8/11/1995,,,,,
https://www.espn.com/nba/player/_/id/3908819/rayjon-tucker,,Guard,,9/24/1997,Little Rock,,,,"Charlotte, NC"
https://www.espn.com/nba/player/_/id/4291678/haywood-highsmith,Miami Heat,Forward,"6' 4"", 220 lbs",12/9/1996 (26),Wheeling Jesuit,,Active,2nd Season,"Baltimore, MD"
https://www.espn.com/nba/player/_/id/3074213/omer-yurtseven,Miami Heat,Center,"6' 11"", 275 lbs",6/19/1998 (25),Georgetown,,Active,1st Season,Uzbekistan
https://www.espn.com/nba/player/_/id/4066467/malik-fitts,,Forward,,7/4/1997,Saint Mary's,,,,"Rancho Cucamonga, CA"
https://www.espn.com/nba/player/_/id/3058030/paul-watson,,Shooting Guard,,12/30/1994,Fresno St,,,,"Phoenix, AZ"
https://www.espn.com/nba/player/_/id/4066508/charlie-brown-jr.,,Guard,,2/2/1997,Saint Joseph's,,,,"Philadelphia, PA"
https://www.espn.com/nba/player/_/id/3133596/kelan-martin,,Shooting Guard,,8/3/1995,Butler,,,,"Louisville, KY"
https://www.espn.com/nba/player/_/id/4065660/mfiondu-kabengele,Boston Celtics,Center,"6' 10"", 250 lbs",8/14/1997 (25),Florida St,"2019: Rd 1, Pk 27 (BKN)",Active,2nd Season,"Burlington, ON"
https://www.espn.com/nba/player/_/id/2991184/sam-dekker,,Forward,,5/8/1994,Wisconsin,"2015: Rd 1, Pk 18 (HOU)",,,"Sheboygan, WI"
https://www.espn.com/nba/player/_/id/3912292/jarrell-brantley,Utah Jazz,Power Forward,"6' 5"", 250 lbs",6/7/1996 (27),Charleston,"2019: Rd 2, Pk 50 (IND)",Active,1st Season,"Columbia, SC"
https://www.espn.com/nba/player/_/id/6460/e'twaun-moore,,Guard,,2/25/1989,Purdue,"2011: Rd 2, Pk 55 (BOS)",,,"East Chicago, IN"
https://www.espn.com/nba/player/_/id/2488958/solomon-hill,,Small Forward,,3/18/1991,Arizona,"2013: Rd 1, Pk 23 (IND)",,,"Los Angeles, CA"
https://www.espn.com/nba/player/_/id/2426/trevor-ariza,,Small Forward,,6/30/1985,UCLA,"2004: Rd 2, Pk 43 (NY)",,,"Los Angeles, CA"
https://www.espn.com/nba/player/_/id/3056602/semi-ojeleye,,Power Forward,,12/5/1994,SMU,"2017: Rd 2, Pk 37 (BOS)",,,"Ottawa, KS"
https://www.espn.com/nba/player/_/id/2583962/kevin-pangos,,Guard,,1/26/1993,Gonzaga,,,,"Holland Landing, ON"
https://www.espn.com/nba/player/_/id/3056600/jabari-parker,,Power Forward,,3/15/1995,Duke,"2014: Rd 1, Pk 2 (MIL)",,,"Chicago, IL"
https://www.espn.com/nba/player/_/id/6447/enes-freedom,,Center,,5/20/1992,Kentucky,"2011: Rd 1, Pk 3 (UTAH)",,,"Zurich, Switzerland"
https://www.espn.com/nba/player/_/id/4277922/jericho-sims,New York Knicks,Center,"6' 9"", 250 lbs",10/20/1998 (24),Texas,"2021: Rd 2, Pk 58 (NY)",Game Time Decision,1st Season,"Minneapolis, MN"
https://www.espn.com/nba/player/_/id/4397693/kessler-edwards,Sacramento Kings,Small Forward,"6' 8"", 215 lbs",8/9/2000 (22),Pepperdine,"2021: Rd 2, Pk 44 (BKN)",Active,1st Season,"Rancho Cucamonga, CA"
https://www.espn.com/nba/player/_/id/4409222/trevelin-queen,,Shooting Guard,,2/25/1997,New Mexico St,,,,"Glen Burnie, MD"
https://www.espn.com/nba/player/_/id/4715198/isaiah-todd,Phoenix Suns,Power Forward,"6' 9"", 219 lbs",10/17/2001 (21),,"2021: Rd 2, Pk 31 (MIL)",Active,1st Season,"Baltimore, MD"
https://www.espn.com/nba/player/_/id/4702233/jt-thor,Charlotte Hornets,Forward,"6' 9"", 203 lbs",8/26/2002 (20),Auburn,"2021: Rd 2, Pk 37 (DET)",Active,1st Season,"Anchorage, AK"
https://www.espn.com/nba/player/_/id/4397183/aaron-wiggins,Oklahoma City Thunder,Shooting Guard,"6' 5"", 190 lbs",1/2/1999 (24),Maryland,"2021: Rd 2, Pk 55 (OKC)",Active,1st Season,"Greensboro, NC"
https://www.espn.com/nba/player/_/id/4395695/jared-butler,Oklahoma City Thunder,Shooting Guard,"6' 3"", 193 lbs",8/25/2000 (22),Baylor,"2021: Rd 2, Pk 40 (NO)",Active,1st Season,"Reserve, LA"
https://www.espn.com/nba/player/_/id/4432161/greg-brown-iii,,Power Forward,,9/1/2001,Texas,"2021: Rd 2, Pk 43 (NO)",,,"Austin, TX"
https://www.espn.com/nba/player/_/id/4431675/trendon-watford,,Power Forward,,11/9/2000,LSU,,,,"Birmingham, AL"
https://www.espn.com/nba/player/_/id/3146557/jock-landale,Phoenix Suns,Center,"6' 11"", 255 lbs",10/25/1995 (27),Saint Mary's,,Active,1st Season,"E Malvern, VIC"
https://www.espn.com/nba/player/_/id/4431823/miles-mcbride,New York Knicks,Point Guard,"6' 2"", 195 lbs",9/8/2000 (22),West Virginia,"2021: Rd 2, Pk 36 (OKC)",Active,1st Season,"Cincinnati, OH"
https://www.espn.com/nba/player/_/id/4397235/duane-washington-jr.,New York Knicks,Point Guard,"6' 2"", 197 lbs",3/24/2000 (23),Ohio State,,Active,1st Season,"Grand Rapids, MI"
https://www.espn.com/nba/player/_/id/4066457/austin-reaves,Los Angeles Lakers,Shooting Guard,"6' 5"", 197 lbs",5/29/1998 (25),Oklahoma,,Active,1st Season,"Newark, AR"
https://www.espn.com/nba/player/_/id/4432162/brandon-boston-jr.,LA Clippers,Shooting Guard,"6' 6"", 188 lbs",11/28/2001 (21),Kentucky,"2021: Rd 2, Pk 51 (MEM)",Active,1st Season,"Norcross, GA"
https://www.espn.com/nba/player/_/id/4397916/jason-preston,LA Clippers,Point Guard,"6' 3"", 181 lbs",8/10/1999 (23),Ohio,"2021: Rd 2, Pk 33 (ORL)",Active,Rookie,"Orlando, FL"
https://www.espn.com/nba/player/_/id/4432176/daishen-nix,,Shooting Guard,,2/13/2002,,,,,"Fairbanks, AK"
https://www.espn.com/nba/player/_/id/4277957/isaiah-livers,Detroit Pistons,Power Forward,"6' 6"", 232 lbs",7/27/1998 (24),Michigan,"2021: Rd 2, Pk 42 (DET)",Active,1st Season,"Kalamazoo, MI"
https://www.espn.com/nba/player/_/id/4683622/marko-simonovic,Chicago Bulls,Center,"7' 0"", 220 lbs",10/15/1999 (23),,"2020: Rd 2, Pk 44 (CHI)",Active,1st Season,"Montenegro, Yugoslavia"
https://www.espn.com/nba/player/_/id/4397002/ayo-dosunmu,Chicago Bulls,Shooting Guard,"6' 5"", 200 lbs",1/17/2000 (23),Illinois,"2021: Rd 2, Pk 38 (CHI)",Active,1st Season,"Chicago, IL"
https://www.espn.com/nba/player/_/id/4279815/terry-taylor,Chicago Bulls,Forward,"6' 4"", 230 lbs",9/23/1999 (23),Austin Peay,,Active,1st Season,"Bowling Green, KY"
https://www.espn.com/nba/player/_/id/4277869/jose-alvarado,New Orleans Pelicans,Point Guard,"6' 0"", 179 lbs",4/12/1998 (25),Georgia Tech,,Game Time Decision,1st Season,"Brooklyn, NY"
https://www.espn.com/nba/player/_/id/4065804/sam-hauser,Boston Celtics,Small Forward,"6' 7"", 217 lbs",12/8/1997 (25),Virginia,,Active,1st Season,"Stevens Point, WI"
https://www.espn.com/nba/player/_/id/4578893/vit-krejci,Atlanta Hawks,Guard,"6' 8"", 195 lbs",6/19/2000 (23),,"2020: Rd 2, Pk 37 (WSH)",Active,3rd Season,Czech Republic
https://www.espn.com/nba/player/_/id/4397885/dalano-banton,Toronto Raptors,Point Guard,"6' 7"", 204 lbs",11/7/1999 (23),Nebraska,"2021: Rd 2, Pk 46 (TOR)",Active,1st Season,"Toronto, ON"
https://www.espn.com/nba/player/_/id/4397215/daniel-oturu,,Center,,9/20/1999,Minnesota,"2020: Rd 2, Pk 33 (MIN)",,,"Woodbury, MN"
https://www.espn.com/nba/player/_/id/3947736/caleb-homesley,,Shooting Guard,,11/27/1996,Liberty,,,,"Indian Trail, NC"
https://www.espn.com/nba/player/_/id/4431688/jahmi'us-ramsey,,Shooting Guard,,6/9/2001,Texas Tech,"2020: Rd 2, Pk 43 (SAC)",,,"Arlington, TX"
https://www.espn.com/nba/player/_/id/3129951/elijah-bryant,,Shooting Guard,,4/19/1995,BYU,,,,"Gwinnett, GA"
https://www.espn.com/nba/player/_/id/4423883/deividas-sirvydis,,Forward,,6/10/2000,,"2019: Rd 2, Pk 37 (DAL)",,,"Vilnius, Lithuania"
https://www.espn.com/nba/player/_/id/3947156/mamadi-diakite,Cleveland Cavaliers,Forward,"6' 9"", 228 lbs",1/21/1997 (26),Virginia,,Active,2nd Season,"Conakry, Guinea"
https://www.espn.com/nba/player/_/id/4431778/christian-koloko,Toronto Raptors,Center,"7' 0"", 230 lbs",6/20/2000 (23),Arizona,"2022: Rd 2, Pk 33 (TOR)",Active,Rookie,"Douala, Cameroon"
https://www.espn.com/nba/player/_/id/3135046/tyus-jones,Washington Wizards,Point Guard,"6' 0"", 196 lbs",5/10/1996 (27),Duke,"2015: Rd 1, Pk 24 (CLE)",Active,7th Season,"Burnsville, MN"
https://www.espn.com/nba/player/_/id/4067045/alize-johnson,,Forward,,4/22/1996,Missouri St,"2018: Rd 2, Pk 50 (IND)",,,"Williamsport, PA"
https://www.espn.com/nba/player/_/id/6479/kemba-walker,,Point Guard,,5/8/1990,UConn,"2011: Rd 1, Pk 9 (CHA)",,,"Bronx, NY"
https://www.espn.com/nba/player/_/id/3134881/stanley-johnson,,Small Forward,,5/29/1996,Arizona,"2015: Rd 1, Pk 8 (DET)",,,"Fullerton, CA"
