rank,name,name_url,team,team_url,salary
1,Stephen Curry,https://www.espn.com/nba/player/_/id/3975/stephen-curry,Golden State Warriors,https://www.espn.com/nba/team/_/name/gs/golden-state-warriors,"$48,070,014"
2,LeBron James,https://www.espn.com/nba/player/_/id/1966/lebron-james,Los Angeles Lakers,https://www.espn.com/nba/team/_/name/lal/los-angeles-lakers,"$44,474,988"
3,Kevin Durant,https://www.espn.com/nba/player/_/id/3202/kevin-durant,Phoenix Suns,https://www.espn.com/nba/team/_/name/phx/phoenix-suns,"$44,119,845"
4,Bradley Beal,https://www.espn.com/nba/player/_/id/6580/bradley-beal,Washington Wizards,https://www.espn.com/nba/team/_/name/wsh/washington-wizards,"$43,279,250"
5,Damian Lillard,https://www.espn.com/nba/player/_/id/6606/damian-lillard,Portland Trail Blazers,https://www.espn.com/nba/team/_/name/por/portland-trail-blazers,"$42,492,492"
6,Giannis Antetokounmpo,https://www.espn.com/nba/player/_/id/3032977/giannis-antetokounmpo,Milwaukee Bucks,https://www.espn.com/nba/team/_/name/mil/milwaukee-bucks,"$42,492,492"
7,Kawhi Leonard,https://www.espn.com/nba/player/_/id/6450/kawhi-leonard,LA Clippers,https://www.espn.com/nba/team/_/name/lac/la-clippers,"$42,492,492"
8,Paul George,https://www.espn.com/nba/player/_/id/4251/paul-george,LA Clippers,https://www.espn.com/nba/team/_/name/lac/la-clippers,"$42,492,492"
9,Klay Thompson,https://www.espn.com/nba/player/_/id/6475/klay-thompson,Golden State Warriors,https://www.espn.com/nba/team/_/name/gs/golden-state-warriors,"$40,600,080"
10,Kyrie Irving,https://www.espn.com/nba/player/_/id/6442/kyrie-irving,Dallas Mavericks,https://www.espn.com/nba/team/_/name/dal/dallas-mavericks,"$38,917,057"
11,Rudy Gobert,https://www.espn.com/nba/player/_/id/3032976/rudy-gobert,Minnesota Timberwolves,https://www.espn.com/nba/team/_/name/min/minnesota-timberwolves,"$38,172,414"
12,Anthony Davis,https://www.espn.com/nba/player/_/id/6583/anthony-davis,Los Angeles Lakers,https://www.espn.com/nba/team/_/name/lal/los-angeles-lakers,"$37,980,720"
13,Khris Middleton,https://www.espn.com/nba/player/_/id/6609/khris-middleton,Milwaukee Bucks,https://www.espn.com/nba/team/_/name/mil/milwaukee-bucks,"$37,948,276"
14,Jimmy Butler,https://www.espn.com/nba/player/_/id/6430/jimmy-butler,Miami Heat,https://www.espn.com/nba/team/_/name/mia/miami-heat,"$37,653,300"
15,Tobias Harris,https://www.espn.com/nba/player/_/id/6440/tobias-harris,Philadelphia 76ers,https://www.espn.com/nba/team/_/name/phi/philadelphia-76ers,"$37,633,050"
16,Zach LaVine,https://www.espn.com/nba/player/_/id/3064440/zach-lavine,Chicago Bulls,https://www.espn.com/nba/team/_/name/chi/chicago-bulls,"$37,096,500"
17,Luka Doncic,https://www.espn.com/nba/player/_/id/3945274/luka-doncic,Dallas Mavericks,https://www.espn.com/nba/team/_/name/dal/dallas-mavericks,"$37,095,000"
18,Trae Young,https://www.espn.com/nba/player/_/id/4277905/trae-young,Atlanta Hawks,https://www.espn.com/nba/team/_/name/atl/atlanta-hawks,"$37,095,000"
19,Pascal Siakam,https://www.espn.com/nba/player/_/id/3149673/pascal-siakam,Toronto Raptors,https://www.espn.com/nba/team/_/name/tor/toronto-raptors,"$35,448,672"
20,Ben Simmons,https://www.espn.com/nba/player/_/id/3907387/ben-simmons,Brooklyn Nets,https://www.espn.com/nba/team/_/name/bkn/brooklyn-nets,"$35,448,672"
21,Myles Turner,https://www.espn.com/nba/player/_/id/3133628/myles-turner,Indiana Pacers,https://www.espn.com/nba/team/_/name/ind/indiana-pacers,"$35,096,500"
22,Devin Booker,https://www.espn.com/nba/player/_/id/3136193/devin-booker,Phoenix Suns,https://www.espn.com/nba/team/_/name/phx/phoenix-suns,"$33,833,400"
23,Karl-Anthony Towns,https://www.espn.com/nba/player/_/id/3136195/karl-anthony-towns,Minnesota Timberwolves,https://www.espn.com/nba/team/_/name/min/minnesota-timberwolves,"$33,833,400"
24,Kristaps Porzingis,https://www.espn.com/nba/player/_/id/3102531/kristaps-porzingis,Washington Wizards,https://www.espn.com/nba/team/_/name/wsh/washington-wizards,"$33,833,400"
25,Jrue Holiday,https://www.espn.com/nba/player/_/id/3995/jrue-holiday,Milwaukee Bucks,https://www.espn.com/nba/team/_/name/mil/milwaukee-bucks,"$33,665,040"
26,Joel Embiid,https://www.espn.com/nba/player/_/id/3059318/joel-embiid,Philadelphia 76ers,https://www.espn.com/nba/team/_/name/phi/philadelphia-76ers,"$33,616,770"
27,Andrew Wiggins,https://www.espn.com/nba/player/_/id/3059319/andrew-wiggins,Golden State Warriors,https://www.espn.com/nba/team/_/name/gs/golden-state-warriors,"$33,616,770"
28,CJ McCollum,https://www.espn.com/nba/player/_/id/2490149/cj-mccollum,New Orleans Pelicans,https://www.espn.com/nba/team/_/name/no/new-orleans-pelicans,"$33,333,333"
29,Nikola Jokic,https://www.espn.com/nba/player/_/id/3112335/nikola-jokic,Denver Nuggets,https://www.espn.com/nba/team/_/name/den/denver-nuggets,"$33,047,804"
30,James Harden,https://www.espn.com/nba/player/_/id/3992/james-harden,Philadelphia 76ers,https://www.espn.com/nba/team/_/name/phi/philadelphia-76ers,"$33,000,000"
31,Brandon Ingram,https://www.espn.com/nba/player/_/id/3913176/brandon-ingram,New Orleans Pelicans,https://www.espn.com/nba/team/_/name/no/new-orleans-pelicans,"$31,650,600"
32,Jamal Murray,https://www.espn.com/nba/player/_/id/3936299/jamal-murray,Denver Nuggets,https://www.espn.com/nba/team/_/name/den/denver-nuggets,"$31,650,000"
33,D'Angelo Russell,https://www.espn.com/nba/player/_/id/3136776/d'angelo-russell,Los Angeles Lakers,https://www.espn.com/nba/team/_/name/lal/los-angeles-lakers,"$31,377,750"
34,Shai Gilgeous-Alexander,https://www.espn.com/nba/player/_/id/4278073/shai-gilgeous-alexander,Oklahoma City Thunder,https://www.espn.com/nba/team/_/name/okc/oklahoma-city-thunder,"$30,913,750"
35,Deandre Ayton,https://www.espn.com/nba/player/_/id/4278129/deandre-ayton,Phoenix Suns,https://www.espn.com/nba/team/_/name/phx/phoenix-suns,"$30,913,750"
36,Michael Porter Jr.,https://www.espn.com/nba/player/_/id/4278104/michael-porter-jr.,Denver Nuggets,https://www.espn.com/nba/team/_/name/den/denver-nuggets,"$30,913,750"
37,Donovan Mitchell,https://www.espn.com/nba/player/_/id/3908809/donovan-mitchell,Cleveland Cavaliers,https://www.espn.com/nba/team/_/name/cle/cleveland-cavaliers,"$30,913,750"
38,Bam Adebayo,https://www.espn.com/nba/player/_/id/4066261/bam-adebayo,Miami Heat,https://www.espn.com/nba/team/_/name/mia/miami-heat,"$30,351,780"
39,Gordon Hayward,https://www.espn.com/nba/player/_/id/4249/gordon-hayward,Charlotte Hornets,https://www.espn.com/nba/team/_/name/cha/charlotte-hornets,"$30,075,000"
40,Jaren Jackson Jr.,https://www.espn.com/nba/player/_/id/4277961/jaren-jackson-jr.,Memphis Grizzlies,https://www.espn.com/nba/team/_/name/mem/memphis-grizzlies,"$28,946,605"
41,Jaylen Brown,https://www.espn.com/nba/player/_/id/3917376/jaylen-brown,Boston Celtics,https://www.espn.com/nba/team/_/name/bos/boston-celtics,"$28,741,071"
42,Chris Paul,https://www.espn.com/nba/player/_/id/2779/chris-paul,Phoenix Suns,https://www.espn.com/nba/team/_/name/phx/phoenix-suns,"$28,400,000"
43,Kyle Lowry,https://www.espn.com/nba/player/_/id/3012/kyle-lowry,Miami Heat,https://www.espn.com/nba/team/_/name/mia/miami-heat,"$28,333,334"
44,De'Aaron Fox,https://www.espn.com/nba/player/_/id/4066259/de'aaron-fox,Sacramento Kings,https://www.espn.com/nba/team/_/name/sac/sacramento-kings,"$28,103,550"
45,Jayson Tatum,https://www.espn.com/nba/player/_/id/4065648/jayson-tatum,Boston Celtics,https://www.espn.com/nba/team/_/name/bos/boston-celtics,"$28,103,500"
46,Jalen Brunson,https://www.espn.com/nba/player/_/id/3934672/jalen-brunson,New York Knicks,https://www.espn.com/nba/team/_/name/ny/new-york-knicks,"$27,733,332"
47,DeMar DeRozan,https://www.espn.com/nba/player/_/id/3978/demar-derozan,Chicago Bulls,https://www.espn.com/nba/team/_/name/chi/chicago-bulls,"$27,300,000"
48,Al Horford,https://www.espn.com/nba/player/_/id/3213/al-horford,Boston Celtics,https://www.espn.com/nba/team/_/name/bos/boston-celtics,"$26,500,000"
49,Draymond Green,https://www.espn.com/nba/player/_/id/6589/draymond-green,Golden State Warriors,https://www.espn.com/nba/team/_/name/gs/golden-state-warriors,"$25,806,468"
50,Julius Randle,https://www.espn.com/nba/player/_/id/3064514/julius-randle,New York Knicks,https://www.espn.com/nba/team/_/name/ny/new-york-knicks,"$23,760,000"
51,John Collins,https://www.espn.com/nba/player/_/id/3908845/john-collins,Atlanta Hawks,https://www.espn.com/nba/team/_/name/atl/atlanta-hawks,"$23,500,000"
52,Buddy Hield,https://www.espn.com/nba/player/_/id/2990984/buddy-hield,Indiana Pacers,https://www.espn.com/nba/team/_/name/ind/indiana-pacers,"$22,768,890"
53,Mike Conley,https://www.espn.com/nba/player/_/id/3195/mike-conley,Minnesota Timberwolves,https://www.espn.com/nba/team/_/name/min/minnesota-timberwolves,"$22,680,000"
54,Malcolm Brogdon,https://www.espn.com/nba/player/_/id/2566769/malcolm-brogdon,Boston Celtics,https://www.espn.com/nba/team/_/name/bos/boston-celtics,"$22,600,000"
55,Anfernee Simons,https://www.espn.com/nba/player/_/id/4351851/anfernee-simons,Portland Trail Blazers,https://www.espn.com/nba/team/_/name/por/portland-trail-blazers,"$22,321,429"
56,Nikola Vucevic,https://www.espn.com/nba/player/_/id/6478/nikola-vucevic,Chicago Bulls,https://www.espn.com/nba/team/_/name/chi/chicago-bulls,"$22,000,000"
57,Terry Rozier,https://www.espn.com/nba/player/_/id/3074752/terry-rozier,Charlotte Hornets,https://www.espn.com/nba/team/_/name/cha/charlotte-hornets,"$21,486,283"
58,Fred VanVleet,https://www.espn.com/nba/player/_/id/2991230/fred-vanvleet,Toronto Raptors,https://www.espn.com/nba/team/_/name/tor/toronto-raptors,"$21,250,000"
59,Jerami Grant,https://www.espn.com/nba/player/_/id/2991070/jerami-grant,Portland Trail Blazers,https://www.espn.com/nba/team/_/name/por/portland-trail-blazers,"$20,955,000"
60,Mikal Bridges,https://www.espn.com/nba/player/_/id/3147657/mikal-bridges,Brooklyn Nets,https://www.espn.com/nba/team/_/name/bkn/brooklyn-nets,"$20,100,000"
61,Jarrett Allen,https://www.espn.com/nba/player/_/id/4066328/jarrett-allen,Cleveland Cavaliers,https://www.espn.com/nba/team/_/name/cle/cleveland-cavaliers,"$20,000,000"
62,Aaron Gordon,https://www.espn.com/nba/player/_/id/3064290/aaron-gordon,Denver Nuggets,https://www.espn.com/nba/team/_/name/den/denver-nuggets,"$19,690,909"
63,Tim Hardaway Jr.,https://www.espn.com/nba/player/_/id/2528210/tim-hardaway-jr.,Dallas Mavericks,https://www.espn.com/nba/team/_/name/dal/dallas-mavericks,"$19,602,273"
64,Bojan Bogdanovic,https://www.espn.com/nba/player/_/id/3593/bojan-bogdanovic,Detroit Pistons,https://www.espn.com/nba/team/_/name/det/detroit-pistons,"$19,550,000"
65,Lonzo Ball,https://www.espn.com/nba/player/_/id/4066421/lonzo-ball,Chicago Bulls,https://www.espn.com/nba/team/_/name/chi/chicago-bulls,"$19,534,884"
66,Spencer Dinwiddie,https://www.espn.com/nba/player/_/id/2580782/spencer-dinwiddie,Brooklyn Nets,https://www.espn.com/nba/team/_/name/bkn/brooklyn-nets,"$19,500,000"
67,Eric Bledsoe,https://www.espn.com/nba/player/_/id/4238/eric-bledsoe,Portland Trail Blazers,https://www.espn.com/nba/team/_/name/por/portland-trail-blazers,"$19,375,000"
68,Caris LeVert,https://www.espn.com/nba/player/_/id/2991043/caris-levert,Cleveland Cavaliers,https://www.espn.com/nba/team/_/name/cle/cleveland-cavaliers,"$18,796,296"
69,Clint Capela,https://www.espn.com/nba/player/_/id/3102529/clint-capela,Atlanta Hawks,https://www.espn.com/nba/team/_/name/atl/atlanta-hawks,"$18,706,896"
70,Joe Harris,https://www.espn.com/nba/player/_/id/2528794/joe-harris,Brooklyn Nets,https://www.espn.com/nba/team/_/name/bkn/brooklyn-nets,"$18,642,857"
71,Domantas Sabonis,https://www.espn.com/nba/player/_/id/3155942/domantas-sabonis,Sacramento Kings,https://www.espn.com/nba/team/_/name/sac/sacramento-kings,"$18,500,000"
72,Harrison Barnes,https://www.espn.com/nba/player/_/id/6578/harrison-barnes,Sacramento Kings,https://www.espn.com/nba/team/_/name/sac/sacramento-kings,"$18,352,273"
73,Evan Fournier,https://www.espn.com/nba/player/_/id/6588/evan-fournier,New York Knicks,https://www.espn.com/nba/team/_/name/ny/new-york-knicks,"$18,000,000"
74,Bogdan Bogdanovic,https://www.espn.com/nba/player/_/id/3037789/bogdan-bogdanovic,Atlanta Hawks,https://www.espn.com/nba/team/_/name/atl/atlanta-hawks,"$18,000,000"
75,Steven Adams,https://www.espn.com/nba/player/_/id/2991235/steven-adams,Memphis Grizzlies,https://www.espn.com/nba/team/_/name/mem/memphis-grizzlies,"$17,926,829"
76,Gary Trent Jr.,https://www.espn.com/nba/player/_/id/4277843/gary-trent-jr.,Toronto Raptors,https://www.espn.com/nba/team/_/name/tor/toronto-raptors,"$17,505,000"
77,Jonathan Isaac,https://www.espn.com/nba/player/_/id/4065654/jonathan-isaac,Orlando Magic,https://www.espn.com/nba/team/_/name/orl/orlando-magic,"$17,400,000"
78,O.G. Anunoby,https://www.espn.com/nba/player/_/id/3934719/o.g.-anunoby,Toronto Raptors,https://www.espn.com/nba/team/_/name/tor/toronto-raptors,"$17,357,143"
79,Marcus Smart,https://www.espn.com/nba/player/_/id/2990992/marcus-smart,Boston Celtics,https://www.espn.com/nba/team/_/name/bos/boston-celtics,"$17,207,141"
80,Mitchell Robinson,https://www.espn.com/nba/player/_/id/4351852/mitchell-robinson,New York Knicks,https://www.espn.com/nba/team/_/name/ny/new-york-knicks,"$17,045,454"
81,Duncan Robinson,https://www.espn.com/nba/player/_/id/3157465/duncan-robinson,Miami Heat,https://www.espn.com/nba/team/_/name/mia/miami-heat,"$16,902,000"
82,Derrick White,https://www.espn.com/nba/player/_/id/3078576/derrick-white,Boston Celtics,https://www.espn.com/nba/team/_/name/bos/boston-celtics,"$16,892,857"
83,Norman Powell,https://www.espn.com/nba/player/_/id/2595516/norman-powell,LA Clippers,https://www.espn.com/nba/team/_/name/lac/la-clippers,"$16,758,621"
84,Dejounte Murray,https://www.espn.com/nba/player/_/id/3907497/dejounte-murray,Atlanta Hawks,https://www.espn.com/nba/team/_/name/atl/atlanta-hawks,"$16,571,120"
85,Collin Sexton,https://www.espn.com/nba/player/_/id/4277811/collin-sexton,Utah Jazz,https://www.espn.com/nba/team/_/name/utah/utah-jazz,"$16,500,000"
86,Markelle Fultz,https://www.espn.com/nba/player/_/id/4066636/markelle-fultz,Orlando Magic,https://www.espn.com/nba/team/_/name/orl/orlando-magic,"$16,500,000"
87,Lauri Markkanen,https://www.espn.com/nba/player/_/id/4066336/lauri-markkanen,Utah Jazz,https://www.espn.com/nba/team/_/name/utah/utah-jazz,"$16,475,454"
88,Marcus Morris Sr.,https://www.espn.com/nba/player/_/id/6462/marcus-morris-sr.,LA Clippers,https://www.espn.com/nba/team/_/name/lac/la-clippers,"$16,372,093"
89,Davis Bertans,https://www.espn.com/nba/player/_/id/6426/davis-bertans,Dallas Mavericks,https://www.espn.com/nba/team/_/name/dal/dallas-mavericks,"$16,000,000"
90,Jusuf Nurkic,https://www.espn.com/nba/player/_/id/3102530/jusuf-nurkic,Portland Trail Blazers,https://www.espn.com/nba/team/_/name/por/portland-trail-blazers,"$15,625,000"
91,Malik Beasley,https://www.espn.com/nba/player/_/id/3907822/malik-beasley,Los Angeles Lakers,https://www.espn.com/nba/team/_/name/lal/los-angeles-lakers,"$15,558,035"
92,Luguentz Dort,https://www.espn.com/nba/player/_/id/4397020/luguentz-dort,Oklahoma City Thunder,https://www.espn.com/nba/team/_/name/okc/oklahoma-city-thunder,"$15,277,778"
93,Jonas Valanciunas,https://www.espn.com/nba/player/_/id/6477/jonas-valanciunas,New Orleans Pelicans,https://www.espn.com/nba/team/_/name/no/new-orleans-pelicans,"$14,700,000"
94,Kevin Huerter,https://www.espn.com/nba/player/_/id/4066372/kevin-huerter,Sacramento Kings,https://www.espn.com/nba/team/_/name/sac/sacramento-kings,"$14,508,929"
95,Luke Kennard,https://www.espn.com/nba/player/_/id/3913174/luke-kennard,Memphis Grizzlies,https://www.espn.com/nba/team/_/name/mem/memphis-grizzlies,"$14,415,545"
96,Christian Wood,https://www.espn.com/nba/player/_/id/3058254/christian-wood,Dallas Mavericks,https://www.espn.com/nba/team/_/name/dal/dallas-mavericks,"$14,317,460"
97,Wendell Carter Jr.,https://www.espn.com/nba/player/_/id/4277847/wendell-carter-jr.,Orlando Magic,https://www.espn.com/nba/team/_/name/orl/orlando-magic,"$14,150,000"
98,Kentavious Caldwell-Pope,https://www.espn.com/nba/player/_/id/2581018/kentavious-caldwell-pope,Denver Nuggets,https://www.espn.com/nba/team/_/name/den/denver-nuggets,"$14,004,703"
99,Brook Lopez,https://www.espn.com/nba/player/_/id/3448/brook-lopez,Milwaukee Bucks,https://www.espn.com/nba/team/_/name/mil/milwaukee-bucks,"$13,906,976"
100,Doug McDermott,https://www.espn.com/nba/player/_/id/2528588/doug-mcdermott,San Antonio Spurs,https://www.espn.com/nba/team/_/name/sa/san-antonio-spurs,"$13,750,000"
101,Zion Williamson,https://www.espn.com/nba/player/_/id/4395628/zion-williamson,New Orleans Pelicans,https://www.espn.com/nba/team/_/name/no/new-orleans-pelicans,"$13,534,817"
102,Jordan Clarkson,https://www.espn.com/nba/player/_/id/2528426/jordan-clarkson,Utah Jazz,https://www.espn.com/nba/team/_/name/utah/utah-jazz,"$13,340,000"
103,Kyle Kuzma,https://www.espn.com/nba/player/_/id/3134907/kyle-kuzma,Washington Wizards,https://www.espn.com/nba/team/_/name/wsh/washington-wizards,"$13,000,000"
104,Gary Harris,https://www.espn.com/nba/player/_/id/2999547/gary-harris,Orlando Magic,https://www.espn.com/nba/team/_/name/orl/orlando-magic,"$13,000,000"
105,Josh Hart,https://www.espn.com/nba/player/_/id/3062679/josh-hart,New York Knicks,https://www.espn.com/nba/team/_/name/ny/new-york-knicks,"$12,960,000"
106,Dorian Finney-Smith,https://www.espn.com/nba/player/_/id/2578185/dorian-finney-smith,Brooklyn Nets,https://www.espn.com/nba/team/_/name/bkn/brooklyn-nets,"$12,939,648"
107,Chris Boucher,https://www.espn.com/nba/player/_/id/3948153/chris-boucher,Toronto Raptors,https://www.espn.com/nba/team/_/name/tor/toronto-raptors,"$12,690,000"
108,Kelly Oubre Jr.,https://www.espn.com/nba/player/_/id/3133603/kelly-oubre-jr.,Charlotte Hornets,https://www.espn.com/nba/team/_/name/cha/charlotte-hornets,"$12,600,000"
109,Marvin Bagley III,https://www.espn.com/nba/player/_/id/4277848/marvin-bagley-iii,Detroit Pistons,https://www.espn.com/nba/team/_/name/det/detroit-pistons,"$12,500,000"
110,Robert Covington,https://www.espn.com/nba/player/_/id/2490620/robert-covington,LA Clippers,https://www.espn.com/nba/team/_/name/lac/la-clippers,"$12,307,692"
111,Kelly Olynyk,https://www.espn.com/nba/player/_/id/2489663/kelly-olynyk,Utah Jazz,https://www.espn.com/nba/team/_/name/utah/utah-jazz,"$12,195,122"
112,Josh Richardson,https://www.espn.com/nba/player/_/id/2581190/josh-richardson,New Orleans Pelicans,https://www.espn.com/nba/team/_/name/no/new-orleans-pelicans,"$11,615,328"
113,Devonte' Graham,https://www.espn.com/nba/player/_/id/3133601/devonte'-graham,San Antonio Spurs,https://www.espn.com/nba/team/_/name/sa/san-antonio-spurs,"$11,550,000"
114,Dillon Brooks,https://www.espn.com/nba/player/_/id/3155526/dillon-brooks,Memphis Grizzlies,https://www.espn.com/nba/team/_/name/mem/memphis-grizzlies,"$11,400,000"
115,Richaun Holmes,https://www.espn.com/nba/player/_/id/2993370/richaun-holmes,Sacramento Kings,https://www.espn.com/nba/team/_/name/sac/sacramento-kings,"$11,215,260"
116,Dwight Powell,https://www.espn.com/nba/player/_/id/2531367/dwight-powell,Dallas Mavericks,https://www.espn.com/nba/team/_/name/dal/dallas-mavericks,"$11,080,125"
117,Paolo Banchero,https://www.espn.com/nba/player/_/id/4432573/paolo-banchero,Orlando Magic,https://www.espn.com/nba/team/_/name/orl/orlando-magic,"$11,055,120"
118,Robert Williams III,https://www.espn.com/nba/player/_/id/4066211/robert-williams-iii,Boston Celtics,https://www.espn.com/nba/team/_/name/bos/boston-celtics,"$10,937,502"
119,RJ Barrett,https://www.espn.com/nba/player/_/id/4395625/rj-barrett,New York Knicks,https://www.espn.com/nba/team/_/name/ny/new-york-knicks,"$10,900,635"
120,Bobby Portis,https://www.espn.com/nba/player/_/id/3064482/bobby-portis,Milwaukee Bucks,https://www.espn.com/nba/team/_/name/mil/milwaukee-bucks,"$10,843,350"
121,Nicolas Batum,https://www.espn.com/nba/player/_/id/3416/nicolas-batum,LA Clippers,https://www.espn.com/nba/team/_/name/lac/la-clippers,"$10,843,350"
122,Anthony Edwards,https://www.espn.com/nba/player/_/id/4594268/anthony-edwards,Minnesota Timberwolves,https://www.espn.com/nba/team/_/name/min/minnesota-timberwolves,"$10,733,400"
123,Cade Cunningham,https://www.espn.com/nba/player/_/id/4432166/cade-cunningham,Detroit Pistons,https://www.espn.com/nba/team/_/name/det/detroit-pistons,"$10,552,800"
124,P.J. Tucker,https://www.espn.com/nba/player/_/id/3033/p.j.-tucker,Philadelphia 76ers,https://www.espn.com/nba/team/_/name/phi/philadelphia-76ers,"$10,490,000"
125,Mo Bamba,https://www.espn.com/nba/player/_/id/4277919/mo-bamba,Los Angeles Lakers,https://www.espn.com/nba/team/_/name/lal/los-angeles-lakers,"$10,300,000"
126,Talen Horton-Tucker,https://www.espn.com/nba/player/_/id/4396991/talen-horton-tucker,Utah Jazz,https://www.espn.com/nba/team/_/name/utah/utah-jazz,"$10,260,000"
127,Derrick Favors,https://www.espn.com/nba/player/_/id/4257/derrick-favors,Atlanta Hawks,https://www.espn.com/nba/team/_/name/atl/atlanta-hawks,"$10,183,800"
128,Jae Crowder,https://www.espn.com/nba/player/_/id/6581/jae-crowder,Milwaukee Bucks,https://www.espn.com/nba/team/_/name/mil/milwaukee-bucks,"$10,183,000"
129,Ivica Zubac,https://www.espn.com/nba/player/_/id/4017837/ivica-zubac,LA Clippers,https://www.espn.com/nba/team/_/name/lac/la-clippers,"$10,123,457"
130,Alec Burks,https://www.espn.com/nba/player/_/id/6429/alec-burks,Detroit Pistons,https://www.espn.com/nba/team/_/name/det/detroit-pistons,"$10,012,800"
131,Reggie Bullock,https://www.espn.com/nba/player/_/id/2528779/reggie-bullock,Dallas Mavericks,https://www.espn.com/nba/team/_/name/dal/dallas-mavericks,"$10,012,800"
132,Chet Holmgren,https://www.espn.com/nba/player/_/id/4433255/chet-holmgren,Oklahoma City Thunder,https://www.espn.com/nba/team/_/name/okc/oklahoma-city-thunder,"$9,891,240"
133,De'Andre Hunter,https://www.espn.com/nba/player/_/id/4065732/de'andre-hunter,Atlanta Hawks,https://www.espn.com/nba/team/_/name/atl/atlanta-hawks,"$9,835,881"
134,Larry Nance Jr.,https://www.espn.com/nba/player/_/id/2580365/larry-nance-jr.,New Orleans Pelicans,https://www.espn.com/nba/team/_/name/no/new-orleans-pelicans,"$9,672,727"
135,Ja Morant,https://www.espn.com/nba/player/_/id/4279888/ja-morant,Memphis Grizzlies,https://www.espn.com/nba/team/_/name/mem/memphis-grizzlies,"$9,603,360"
136,James Wiseman,https://www.espn.com/nba/player/_/id/4432808/james-wiseman,Detroit Pistons,https://www.espn.com/nba/team/_/name/det/detroit-pistons,"$9,603,360"
137,Landry Shamet,https://www.espn.com/nba/player/_/id/3914044/landry-shamet,Phoenix Suns,https://www.espn.com/nba/team/_/name/phx/phoenix-suns,"$9,500,000"
138,Malik Monk,https://www.espn.com/nba/player/_/id/4066262/malik-monk,Sacramento Kings,https://www.espn.com/nba/team/_/name/sac/sacramento-kings,"$9,472,219"
139,Jalen Green,https://www.espn.com/nba/player/_/id/4437244/jalen-green,Houston Rockets,https://www.espn.com/nba/team/_/name/hou/houston-rockets,"$9,441,840"
140,Jakob Poeltl,https://www.espn.com/nba/player/_/id/3134908/jakob-poeltl,Toronto Raptors,https://www.espn.com/nba/team/_/name/tor/toronto-raptors,"$9,398,148"
141,Dario Saric,https://www.espn.com/nba/player/_/id/3032978/dario-saric,Oklahoma City Thunder,https://www.espn.com/nba/team/_/name/okc/oklahoma-city-thunder,"$9,240,000"
142,Nerlens Noel,https://www.espn.com/nba/player/_/id/2991280/nerlens-noel,Brooklyn Nets,https://www.espn.com/nba/team/_/name/bkn/brooklyn-nets,"$9,240,000"
143,Royce O'Neale,https://www.espn.com/nba/player/_/id/2583632/royce-o'neale,Brooklyn Nets,https://www.espn.com/nba/team/_/name/bkn/brooklyn-nets,"$9,200,000"
144,Monte Morris,https://www.espn.com/nba/player/_/id/3059310/monte-morris,Washington Wizards,https://www.espn.com/nba/team/_/name/wsh/washington-wizards,"$9,125,000"
145,Mason Plumlee,https://www.espn.com/nba/player/_/id/2488653/mason-plumlee,LA Clippers,https://www.espn.com/nba/team/_/name/lac/la-clippers,"$9,080,417"
146,Alex Caruso,https://www.espn.com/nba/player/_/id/2991350/alex-caruso,Chicago Bulls,https://www.espn.com/nba/team/_/name/chi/chicago-bulls,"$9,030,000"
147,Maxi Kleber,https://www.espn.com/nba/player/_/id/2960236/maxi-kleber,Dallas Mavericks,https://www.espn.com/nba/team/_/name/dal/dallas-mavericks,"$9,000,000"
148,Darius Garland,https://www.espn.com/nba/player/_/id/4396907/darius-garland,Cleveland Cavaliers,https://www.espn.com/nba/team/_/name/cle/cleveland-cavaliers,"$8,920,795"
149,Jabari Smith Jr.,https://www.espn.com/nba/player/_/id/4432639/jabari-smith-jr.,Houston Rockets,https://www.espn.com/nba/team/_/name/hou/houston-rockets,"$8,882,640"
150,Kyle Anderson,https://www.espn.com/nba/player/_/id/2993874/kyle-anderson,Minnesota Timberwolves,https://www.espn.com/nba/team/_/name/min/minnesota-timberwolves,"$8,780,488"
151,Victor Oladipo,https://www.espn.com/nba/player/_/id/2527963/victor-oladipo,Miami Heat,https://www.espn.com/nba/team/_/name/mia/miami-heat,"$8,750,000"
152,Daniel Theis,https://www.espn.com/nba/player/_/id/2451037/daniel-theis,Indiana Pacers,https://www.espn.com/nba/team/_/name/ind/indiana-pacers,"$8,694,369"
153,LaMelo Ball,https://www.espn.com/nba/player/_/id/4432816/lamelo-ball,Charlotte Hornets,https://www.espn.com/nba/team/_/name/cha/charlotte-hornets,"$8,623,920"
154,Nic Claxton,https://www.espn.com/nba/player/_/id/4278067/nic-claxton,Brooklyn Nets,https://www.espn.com/nba/team/_/name/bkn/brooklyn-nets,"$8,500,000"
155,Grayson Allen,https://www.espn.com/nba/player/_/id/3135045/grayson-allen,Milwaukee Bucks,https://www.espn.com/nba/team/_/name/mil/milwaukee-bucks,"$8,500,000"
156,Seth Curry,https://www.espn.com/nba/player/_/id/2326307/seth-curry,Brooklyn Nets,https://www.espn.com/nba/team/_/name/bkn/brooklyn-nets,"$8,496,500"
157,Evan Mobley,https://www.espn.com/nba/player/_/id/4432158/evan-mobley,Cleveland Cavaliers,https://www.espn.com/nba/team/_/name/cle/cleveland-cavaliers,"$8,478,720"
158,Gary Payton II,https://www.espn.com/nba/player/_/id/3134903/gary-payton-ii,Golden State Warriors,https://www.espn.com/nba/team/_/name/gs/golden-state-warriors,"$8,300,000"
159,De'Anthony Melton,https://www.espn.com/nba/player/_/id/4066436/de'anthony-melton,Philadelphia 76ers,https://www.espn.com/nba/team/_/name/phi/philadelphia-76ers,"$8,250,000"
160,T.J. McConnell,https://www.espn.com/nba/player/_/id/2530530/t.j.-mcconnell,Indiana Pacers,https://www.espn.com/nba/team/_/name/ind/indiana-pacers,"$8,100,000"
161,Keegan Murray,https://www.espn.com/nba/player/_/id/4594327/keegan-murray,Sacramento Kings,https://www.espn.com/nba/team/_/name/sac/sacramento-kings,"$8,008,440"
162,Thaddeus Young,https://www.espn.com/nba/player/_/id/3244/thaddeus-young,Toronto Raptors,https://www.espn.com/nba/team/_/name/tor/toronto-raptors,"$8,000,000"
163,Taurean Prince,https://www.espn.com/nba/player/_/id/2990962/taurean-prince,Minnesota Timberwolves,https://www.espn.com/nba/team/_/name/min/minnesota-timberwolves,"$8,000,000"
164,Kevon Looney,https://www.espn.com/nba/player/_/id/3155535/kevon-looney,Golden State Warriors,https://www.espn.com/nba/team/_/name/gs/golden-state-warriors,"$8,000,000"
165,Isaiah Hartenstein,https://www.espn.com/nba/player/_/id/4222252/isaiah-hartenstein,New York Knicks,https://www.espn.com/nba/team/_/name/ny/new-york-knicks,"$7,804,879"
166,Delon Wright,https://www.espn.com/nba/player/_/id/3064447/delon-wright,Washington Wizards,https://www.espn.com/nba/team/_/name/wsh/washington-wizards,"$7,804,878"
167,Patrick Williams,https://www.espn.com/nba/player/_/id/4431687/patrick-williams,Chicago Bulls,https://www.espn.com/nba/team/_/name/chi/chicago-bulls,"$7,775,400"
168,Scottie Barnes,https://www.espn.com/nba/player/_/id/4433134/scottie-barnes,Toronto Raptors,https://www.espn.com/nba/team/_/name/tor/toronto-raptors,"$7,644,720"
169,Cedi Osman,https://www.espn.com/nba/player/_/id/3893016/cedi-osman,Cleveland Cavaliers,https://www.espn.com/nba/team/_/name/cle/cleveland-cavaliers,"$7,426,088"
170,Coby White,https://www.espn.com/nba/player/_/id/4395651/coby-white,Chicago Bulls,https://www.espn.com/nba/team/_/name/chi/chicago-bulls,"$7,413,955"
171,Aron Baynes,https://www.espn.com/nba/player/_/id/2968439/aron-baynes,Toronto Raptors,https://www.espn.com/nba/team/_/name/tor/toronto-raptors,"$7,350,000"
172,Zach Collins,https://www.espn.com/nba/player/_/id/4066650/zach-collins,San Antonio Spurs,https://www.espn.com/nba/team/_/name/sa/san-antonio-spurs,"$7,350,000"
173,Jaden Ivey,https://www.espn.com/nba/player/_/id/4433218/jaden-ivey,Detroit Pistons,https://www.espn.com/nba/team/_/name/det/detroit-pistons,"$7,252,200"
174,Jae'Sean Tate,https://www.espn.com/nba/player/_/id/3136777/jae'sean-tate,Houston Rockets,https://www.espn.com/nba/team/_/name/hou/houston-rockets,"$7,065,217"
175,Isaac Okoro,https://www.espn.com/nba/player/_/id/4432822/isaac-okoro,Cleveland Cavaliers,https://www.espn.com/nba/team/_/name/cle/cleveland-cavaliers,"$7,040,880"
176,Cody Martin,https://www.espn.com/nba/player/_/id/3138161/cody-martin,Charlotte Hornets,https://www.espn.com/nba/team/_/name/cha/charlotte-hornets,"$7,000,000"
177,Jalen Suggs,https://www.espn.com/nba/player/_/id/4432165/jalen-suggs,Orlando Magic,https://www.espn.com/nba/team/_/name/orl/orlando-magic,"$6,922,320"
178,Jaxson Hayes,https://www.espn.com/nba/player/_/id/4397077/jaxson-hayes,New Orleans Pelicans,https://www.espn.com/nba/team/_/name/no/new-orleans-pelicans,"$6,803,012"
179,Khem Birch,https://www.espn.com/nba/player/_/id/2578240/khem-birch,Toronto Raptors,https://www.espn.com/nba/team/_/name/tor/toronto-raptors,"$6,667,500"
180,Bennedict Mathurin,https://www.espn.com/nba/player/_/id/4683634/bennedict-mathurin,Indiana Pacers,https://www.espn.com/nba/team/_/name/ind/indiana-pacers,"$6,586,800"
181,Danilo Gallinari,https://www.espn.com/nba/player/_/id/3428/danilo-gallinari,Washington Wizards,https://www.espn.com/nba/team/_/name/wsh/washington-wizards,"$6,479,000"
182,Patty Mills,https://www.espn.com/nba/player/_/id/4004/patty-mills,Brooklyn Nets,https://www.espn.com/nba/team/_/name/bkn/brooklyn-nets,"$6,479,000"
183,Joe Ingles,https://www.espn.com/nba/player/_/id/2968436/joe-ingles,Milwaukee Bucks,https://www.espn.com/nba/team/_/name/mil/milwaukee-bucks,"$6,479,000"
184,Caleb Martin,https://www.espn.com/nba/player/_/id/3138160/caleb-martin,Miami Heat,https://www.espn.com/nba/team/_/name/mia/miami-heat,"$6,479,000"
185,Lonnie Walker IV,https://www.espn.com/nba/player/_/id/4277890/lonnie-walker-iv,Los Angeles Lakers,https://www.espn.com/nba/team/_/name/lal/los-angeles-lakers,"$6,479,000"
186,John Wall,https://www.espn.com/nba/player/_/id/4237/john-wall,LA Clippers,https://www.espn.com/nba/team/_/name/lac/la-clippers,"$6,479,000"
187,Bruce Brown,https://www.espn.com/nba/player/_/id/4065670/bruce-brown,Denver Nuggets,https://www.espn.com/nba/team/_/name/den/denver-nuggets,"$6,479,000"
188,Onyeka Okongwu,https://www.espn.com/nba/player/_/id/4431680/onyeka-okongwu,Atlanta Hawks,https://www.espn.com/nba/team/_/name/atl/atlanta-hawks,"$6,395,160"
189,Jarrett Culver,https://www.espn.com/nba/player/_/id/4277928/jarrett-culver,Atlanta Hawks,https://www.espn.com/nba/team/_/name/atl/atlanta-hawks,"$6,395,160"
190,Josh Giddey,https://www.espn.com/nba/player/_/id/4871145/josh-giddey,Oklahoma City Thunder,https://www.espn.com/nba/team/_/name/okc/oklahoma-city-thunder,"$6,287,280"
191,Rui Hachimura,https://www.espn.com/nba/player/_/id/4066648/rui-hachimura,Los Angeles Lakers,https://www.espn.com/nba/team/_/name/lal/los-angeles-lakers,"$6,263,188"
192,Rudy Gay,https://www.espn.com/nba/player/_/id/3005/rudy-gay,Utah Jazz,https://www.espn.com/nba/team/_/name/utah/utah-jazz,"$6,184,500"
193,Shaedon Sharpe,https://www.espn.com/nba/player/_/id/4914336/shaedon-sharpe,Portland Trail Blazers,https://www.espn.com/nba/team/_/name/por/portland-trail-blazers,"$6,012,960"
194,Otto Porter Jr.,https://www.espn.com/nba/player/_/id/2594922/otto-porter-jr.,Toronto Raptors,https://www.espn.com/nba/team/_/name/tor/toronto-raptors,"$6,000,000"
195,Cameron Payne,https://www.espn.com/nba/player/_/id/3064230/cameron-payne,Phoenix Suns,https://www.espn.com/nba/team/_/name/phx/phoenix-suns,"$6,000,000"
196,Cam Reddish,https://www.espn.com/nba/player/_/id/4395627/cam-reddish,Portland Trail Blazers,https://www.espn.com/nba/team/_/name/por/portland-trail-blazers,"$5,954,454"
197,Cameron Johnson,https://www.espn.com/nba/player/_/id/3138196/cameron-johnson,Brooklyn Nets,https://www.espn.com/nba/team/_/name/bkn/brooklyn-nets,"$5,887,899"
198,Ricky Rubio,https://www.espn.com/nba/player/_/id/4011/ricky-rubio,Cleveland Cavaliers,https://www.espn.com/nba/team/_/name/cle/cleveland-cavaliers,"$5,853,659"
199,Kevin Knox II,https://www.espn.com/nba/player/_/id/4278075/kevin-knox-ii,Portland Trail Blazers,https://www.espn.com/nba/team/_/name/por/portland-trail-blazers,"$5,845,979"
200,P.J. Washington,https://www.espn.com/nba/player/_/id/4278078/p.j.-washington,Charlotte Hornets,https://www.espn.com/nba/team/_/name/cha/charlotte-hornets,"$5,808,435"
201,Jonathan Kuminga,https://www.espn.com/nba/player/_/id/4433247/jonathan-kuminga,Golden State Warriors,https://www.espn.com/nba/team/_/name/gs/golden-state-warriors,"$5,739,860"
202,Pat Connaughton,https://www.espn.com/nba/player/_/id/2578239/pat-connaughton,Milwaukee Bucks,https://www.espn.com/nba/team/_/name/mil/milwaukee-bucks,"$5,728,393"
203,Tyler Herro,https://www.espn.com/nba/player/_/id/4395725/tyler-herro,Miami Heat,https://www.espn.com/nba/team/_/name/mia/miami-heat,"$5,722,116"
204,Romeo Langford,https://www.espn.com/nba/player/_/id/4397008/romeo-langford,San Antonio Spurs,https://www.espn.com/nba/team/_/name/sa/san-antonio-spurs,"$5,634,257"
205,Killian Hayes,https://www.espn.com/nba/player/_/id/4683024/killian-hayes,Detroit Pistons,https://www.espn.com/nba/team/_/name/det/detroit-pistons,"$5,572,680"
206,Dyson Daniels,https://www.espn.com/nba/player/_/id/4869342/dyson-daniels,New Orleans Pelicans,https://www.espn.com/nba/team/_/name/no/new-orleans-pelicans,"$5,508,600"
207,JaVale McGee,https://www.espn.com/nba/player/_/id/3452/javale-mcgee,Dallas Mavericks,https://www.espn.com/nba/team/_/name/dal/dallas-mavericks,"$5,461,219"
208,Obi Toppin,https://www.espn.com/nba/player/_/id/4278355/obi-toppin,New York Knicks,https://www.espn.com/nba/team/_/name/ny/new-york-knicks,"$5,348,280"
209,Franz Wagner,https://www.espn.com/nba/player/_/id/4566434/franz-wagner,Orlando Magic,https://www.espn.com/nba/team/_/name/orl/orlando-magic,"$5,258,280"
210,Kendrick Nunn,https://www.espn.com/nba/player/_/id/3056247/kendrick-nunn,Washington Wizards,https://www.espn.com/nba/team/_/name/wsh/washington-wizards,"$5,250,000"
211,Hamidou Diallo,https://www.espn.com/nba/player/_/id/4080610/hamidou-diallo,Detroit Pistons,https://www.espn.com/nba/team/_/name/det/detroit-pistons,"$5,200,000"
212,Cory Joseph,https://www.espn.com/nba/player/_/id/6446/cory-joseph,Detroit Pistons,https://www.espn.com/nba/team/_/name/det/detroit-pistons,"$5,155,500"
213,Torrey Craig,https://www.espn.com/nba/player/_/id/2528693/torrey-craig,Phoenix Suns,https://www.espn.com/nba/team/_/name/phx/phoenix-suns,"$5,121,951"
214,Jeremy Sochan,https://www.espn.com/nba/player/_/id/4610139/jeremy-sochan,San Antonio Spurs,https://www.espn.com/nba/team/_/name/sa/san-antonio-spurs,"$5,063,520"
215,David Nwaba,https://www.espn.com/nba/player/_/id/3062744/david-nwaba,Oklahoma City Thunder,https://www.espn.com/nba/team/_/name/okc/oklahoma-city-thunder,"$5,022,000"
216,Nickeil Alexander-Walker,https://www.espn.com/nba/player/_/id/4278039/nickeil-alexander-walker,Minnesota Timberwolves,https://www.espn.com/nba/team/_/name/min/minnesota-timberwolves,"$5,009,633"
217,Furkan Korkmaz,https://www.espn.com/nba/player/_/id/3929325/furkan-korkmaz,Philadelphia 76ers,https://www.espn.com/nba/team/_/name/phi/philadelphia-76ers,"$5,000,000"
218,Dante Exum,https://www.espn.com/nba/player/_/id/3102528/dante-exum,Houston Rockets,https://www.espn.com/nba/team/_/name/hou/houston-rockets,"$5,000,000"
219,Lou Williams,https://www.espn.com/nba/player/_/id/2799/lou-williams,Atlanta Hawks,https://www.espn.com/nba/team/_/name/atl/atlanta-hawks,"$5,000,000"
220,Deni Avdija,https://www.espn.com/nba/player/_/id/4683021/deni-avdija,Washington Wizards,https://www.espn.com/nba/team/_/name/wsh/washington-wizards,"$4,916,160"
221,Garrett Temple,https://www.espn.com/nba/player/_/id/4023/garrett-temple,New Orleans Pelicans,https://www.espn.com/nba/team/_/name/no/new-orleans-pelicans,"$4,910,000"
222,Davion Mitchell,https://www.espn.com/nba/player/_/id/4278053/davion-mitchell,Sacramento Kings,https://www.espn.com/nba/team/_/name/sac/sacramento-kings,"$4,833,600"
223,Johnny Davis,https://www.espn.com/nba/player/_/id/4432356/johnny-davis,Washington Wizards,https://www.espn.com/nba/team/_/name/wsh/washington-wizards,"$4,810,320"
224,Ish Smith,https://www.espn.com/nba/player/_/id/4305/ish-smith,Denver Nuggets,https://www.espn.com/nba/team/_/name/den/denver-nuggets,"$4,750,000"
225,Jalen Smith,https://www.espn.com/nba/player/_/id/4397189/jalen-smith,Indiana Pacers,https://www.espn.com/nba/team/_/name/ind/indiana-pacers,"$4,670,160"
226,Ziaire Williams,https://www.espn.com/nba/player/_/id/4433137/ziaire-williams,Memphis Grizzlies,https://www.espn.com/nba/team/_/name/mem/memphis-grizzlies,"$4,591,680"
227,Ousmane Dieng,https://www.espn.com/nba/player/_/id/4997526/ousmane-dieng,Oklahoma City Thunder,https://www.espn.com/nba/team/_/name/okc/oklahoma-city-thunder,"$4,569,840"
228,Maurice Harkless,https://www.espn.com/nba/player/_/id/6591/maurice-harkless,Houston Rockets,https://www.espn.com/nba/team/_/name/hou/houston-rockets,"$4,564,980"
229,Donte DiVincenzo,https://www.espn.com/nba/player/_/id/3934673/donte-divincenzo,Golden State Warriors,https://www.espn.com/nba/team/_/name/gs/golden-state-warriors,"$4,500,000"
230,Jeff Green,https://www.espn.com/nba/player/_/id/3209/jeff-green,Denver Nuggets,https://www.espn.com/nba/team/_/name/den/denver-nuggets,"$4,500,000"
231,Devin Vassell,https://www.espn.com/nba/player/_/id/4395630/devin-vassell,San Antonio Spurs,https://www.espn.com/nba/team/_/name/sa/san-antonio-spurs,"$4,437,000"
232,Matisse Thybulle,https://www.espn.com/nba/player/_/id/3907498/matisse-thybulle,Portland Trail Blazers,https://www.espn.com/nba/team/_/name/por/portland-trail-blazers,"$4,379,527"
233,Jarred Vanderbilt,https://www.espn.com/nba/player/_/id/4278077/jarred-vanderbilt,Los Angeles Lakers,https://www.espn.com/nba/team/_/name/lal/los-angeles-lakers,"$4,374,000"
234,James Bouknight,https://www.espn.com/nba/player/_/id/4431712/james-bouknight,Charlotte Hornets,https://www.espn.com/nba/team/_/name/cha/charlotte-hornets,"$4,362,240"
235,Brandon Clarke,https://www.espn.com/nba/player/_/id/3906665/brandon-clarke,Memphis Grizzlies,https://www.espn.com/nba/team/_/name/mem/memphis-grizzlies,"$4,343,920"
236,Jalen Williams,https://www.espn.com/nba/player/_/id/4593803/jalen-williams,Oklahoma City Thunder,https://www.espn.com/nba/team/_/name/okc/oklahoma-city-thunder,"$4,341,480"
237,Grant Williams,https://www.espn.com/nba/player/_/id/4066218/grant-williams,Boston Celtics,https://www.espn.com/nba/team/_/name/bos/boston-celtics,"$4,306,281"
238,Darius Bazley,https://www.espn.com/nba/player/_/id/4423545/darius-bazley,Phoenix Suns,https://www.espn.com/nba/team/_/name/phx/phoenix-suns,"$4,264,629"
239,Ty Jerome,https://www.espn.com/nba/player/_/id/4065733/ty-jerome,Golden State Warriors,https://www.espn.com/nba/team/_/name/gs/golden-state-warriors,"$4,220,057"
240,Tyrese Haliburton,https://www.espn.com/nba/player/_/id/4396993/tyrese-haliburton,Indiana Pacers,https://www.espn.com/nba/team/_/name/ind/indiana-pacers,"$4,215,120"
241,Nassir Little,https://www.espn.com/nba/player/_/id/4395652/nassir-little,Portland Trail Blazers,https://www.espn.com/nba/team/_/name/por/portland-trail-blazers,"$4,171,548"
242,Joshua Primo,https://www.espn.com/nba/player/_/id/4702176/joshua-primo,San Antonio Spurs,https://www.espn.com/nba/team/_/name/sa/san-antonio-spurs,"$4,144,320"
243,Jalen Duren,https://www.espn.com/nba/player/_/id/4433621/jalen-duren,Detroit Pistons,https://www.espn.com/nba/team/_/name/det/detroit-pistons,"$4,124,280"
244,Danuel House Jr.,https://www.espn.com/nba/player/_/id/2991155/danuel-house-jr.,Philadelphia 76ers,https://www.espn.com/nba/team/_/name/phi/philadelphia-76ers,"$4,105,000"
245,Justise Winslow,https://www.espn.com/nba/player/_/id/3135047/justise-winslow,Portland Trail Blazers,https://www.espn.com/nba/team/_/name/por/portland-trail-blazers,"$4,097,561"
246,Dylan Windler,https://www.espn.com/nba/player/_/id/3906786/dylan-windler,Cleveland Cavaliers,https://www.espn.com/nba/team/_/name/cle/cleveland-cavaliers,"$4,037,278"
247,Chandler Hutchison,https://www.espn.com/nba/player/_/id/3149010/chandler-hutchison,Phoenix Suns,https://www.espn.com/nba/team/_/name/phx/phoenix-suns,"$4,019,459"
248,Kira Lewis Jr.,https://www.espn.com/nba/player/_/id/4395698/kira-lewis-jr.,New Orleans Pelicans,https://www.espn.com/nba/team/_/name/no/new-orleans-pelicans,"$4,004,280"
249,Terence Davis,https://www.espn.com/nba/player/_/id/3919454/terence-davis,Sacramento Kings,https://www.espn.com/nba/team/_/name/sac/sacramento-kings,"$4,000,000"
250,George Hill,https://www.espn.com/nba/player/_/id/3438/george-hill,Indiana Pacers,https://www.espn.com/nba/team/_/name/ind/indiana-pacers,"$4,000,000"
251,Chris Duarte,https://www.espn.com/nba/player/_/id/4592402/chris-duarte,Indiana Pacers,https://www.espn.com/nba/team/_/name/ind/indiana-pacers,"$3,936,960"
252,Ochai Agbaji,https://www.espn.com/nba/player/_/id/4397018/ochai-agbaji,Utah Jazz,https://www.espn.com/nba/team/_/name/utah/utah-jazz,"$3,918,360"
253,Alex Len,https://www.espn.com/nba/player/_/id/2596107/alex-len,Sacramento Kings,https://www.espn.com/nba/team/_/name/sac/sacramento-kings,"$3,918,000"
254,Jordan Poole,https://www.espn.com/nba/player/_/id/4277956/jordan-poole,Golden State Warriors,https://www.espn.com/nba/team/_/name/gs/golden-state-warriors,"$3,901,399"
255,Keldon Johnson,https://www.espn.com/nba/player/_/id/4395723/keldon-johnson,San Antonio Spurs,https://www.espn.com/nba/team/_/name/sa/san-antonio-spurs,"$3,873,025"
256,Aaron Nesmith,https://www.espn.com/nba/player/_/id/4396909/aaron-nesmith,Indiana Pacers,https://www.espn.com/nba/team/_/name/ind/indiana-pacers,"$3,804,360"
257,Mark Williams,https://www.espn.com/nba/player/_/id/4701232/mark-williams,Charlotte Hornets,https://www.espn.com/nba/team/_/name/cha/charlotte-hornets,"$3,722,040"
258,Gabriel Deck,https://www.espn.com/nba/player/_/id/3929321/gabriel-deck,Oklahoma City Thunder,https://www.espn.com/nba/team/_/name/okc/oklahoma-city-thunder,"$3,676,852"
259,Cole Anthony,https://www.espn.com/nba/player/_/id/4432809/cole-anthony,Orlando Magic,https://www.espn.com/nba/team/_/name/orl/orlando-magic,"$3,613,680"
260,Sekou Doumbouya,https://www.espn.com/nba/player/_/id/4423314/sekou-doumbouya,Los Angeles Lakers,https://www.espn.com/nba/team/_/name/lal/los-angeles-lakers,"$3,613,680"
261,Moses Moody,https://www.espn.com/nba/player/_/id/4432171/moses-moody,Golden State Warriors,https://www.espn.com/nba/team/_/name/gs/golden-state-warriors,"$3,562,200"
262,Corey Kispert,https://www.espn.com/nba/player/_/id/4280151/corey-kispert,Washington Wizards,https://www.espn.com/nba/team/_/name/wsh/washington-wizards,"$3,552,960"
263,AJ Griffin,https://www.espn.com/nba/player/_/id/4432585/aj-griffin,Atlanta Hawks,https://www.espn.com/nba/team/_/name/atl/atlanta-hawks,"$3,536,160"
264,Mike Muscala,https://www.espn.com/nba/player/_/id/2490089/mike-muscala,Boston Celtics,https://www.espn.com/nba/team/_/name/bos/boston-celtics,"$3,500,000"
265,Georges Niang,https://www.espn.com/nba/player/_/id/2990969/georges-niang,Philadelphia 76ers,https://www.espn.com/nba/team/_/name/phi/philadelphia-76ers,"$3,465,000"
266,Chuma Okeke,https://www.espn.com/nba/player/_/id/4278052/chuma-okeke,Orlando Magic,https://www.espn.com/nba/team/_/name/orl/orlando-magic,"$3,433,320"
267,Isaiah Stewart,https://www.espn.com/nba/player/_/id/4432810/isaiah-stewart,Detroit Pistons,https://www.espn.com/nba/team/_/name/det/detroit-pistons,"$3,433,320"
268,Amir Coffey,https://www.espn.com/nba/player/_/id/4066387/amir-coffey,LA Clippers,https://www.espn.com/nba/team/_/name/lac/la-clippers,"$3,395,062"
269,Alperen Sengun,https://www.espn.com/nba/player/_/id/4871144/alperen-sengun,Houston Rockets,https://www.espn.com/nba/team/_/name/hou/houston-rockets,"$3,375,480"
270,Tari Eason,https://www.espn.com/nba/player/_/id/4433192/tari-eason,Houston Rockets,https://www.espn.com/nba/team/_/name/hou/houston-rockets,"$3,309,160"
271,Aleksej Pokusevski,https://www.espn.com/nba/player/_/id/4683018/aleksej-pokusevski,Oklahoma City Thunder,https://www.espn.com/nba/team/_/name/okc/oklahoma-city-thunder,"$3,261,480"
272,Trey Burke,https://www.espn.com/nba/player/_/id/2579260/trey-burke,Oklahoma City Thunder,https://www.espn.com/nba/team/_/name/okc/oklahoma-city-thunder,"$3,243,750"
273,Kevin Porter Jr.,https://www.espn.com/nba/player/_/id/4397140/kevin-porter-jr.,Houston Rockets,https://www.espn.com/nba/team/_/name/hou/houston-rockets,"$3,217,631"
274,Trey Murphy III,https://www.espn.com/nba/player/_/id/4397688/trey-murphy-iii,New Orleans Pelicans,https://www.espn.com/nba/team/_/name/no/new-orleans-pelicans,"$3,206,640"
275,Simone Fontecchio,https://www.espn.com/nba/player/_/id/3899664/simone-fontecchio,Utah Jazz,https://www.espn.com/nba/team/_/name/utah/utah-jazz,"$3,205,128"
276,Derrick Jones Jr.,https://www.espn.com/nba/player/_/id/3936099/derrick-jones-jr.,Chicago Bulls,https://www.espn.com/nba/team/_/name/chi/chicago-bulls,"$3,200,000"
277,Andre Drummond,https://www.espn.com/nba/player/_/id/6585/andre-drummond,Chicago Bulls,https://www.espn.com/nba/team/_/name/chi/chicago-bulls,"$3,200,000"
278,Dalen Terry,https://www.espn.com/nba/player/_/id/4433159/dalen-terry,Chicago Bulls,https://www.espn.com/nba/team/_/name/chi/chicago-bulls,"$3,191,400"
279,Kevin Love,https://www.espn.com/nba/player/_/id/3449/kevin-love,Miami Heat,https://www.espn.com/nba/team/_/name/mia/miami-heat,"$3,114,138"
280,Josh Green,https://www.espn.com/nba/player/_/id/4432811/josh-green,Dallas Mavericks,https://www.espn.com/nba/team/_/name/dal/dallas-mavericks,"$3,098,400"
281,Jake LaRavia,https://www.espn.com/nba/player/_/id/4592691/jake-laravia,Memphis Grizzlies,https://www.espn.com/nba/team/_/name/mem/memphis-grizzlies,"$3,047,640"
282,Tre Mann,https://www.espn.com/nba/player/_/id/4432819/tre-mann,Oklahoma City Thunder,https://www.espn.com/nba/team/_/name/okc/oklahoma-city-thunder,"$3,046,200"
283,Sterling Brown,https://www.espn.com/nba/player/_/id/3057187/sterling-brown,Los Angeles Lakers,https://www.espn.com/nba/team/_/name/lal/los-angeles-lakers,"$3,000,000"
284,Jordan Nwora,https://www.espn.com/nba/player/_/id/4277883/jordan-nwora,Indiana Pacers,https://www.espn.com/nba/team/_/name/ind/indiana-pacers,"$3,000,000"
285,Luka Samanic,https://www.espn.com/nba/player/_/id/4423309/luka-samanic,Utah Jazz,https://www.espn.com/nba/team/_/name/utah/utah-jazz,"$2,959,080"
286,Saddiq Bey,https://www.espn.com/nba/player/_/id/4397136/saddiq-bey,Atlanta Hawks,https://www.espn.com/nba/team/_/name/atl/atlanta-hawks,"$2,959,080"
287,Malaki Branham,https://www.espn.com/nba/player/_/id/4565201/malaki-branham,San Antonio Spurs,https://www.espn.com/nba/team/_/name/sa/san-antonio-spurs,"$2,925,600"
288,Kai Jones,https://www.espn.com/nba/player/_/id/4431699/kai-jones,Charlotte Hornets,https://www.espn.com/nba/team/_/name/cha/charlotte-hornets,"$2,909,040"
289,Precious Achiuwa,https://www.espn.com/nba/player/_/id/4431679/precious-achiuwa,Toronto Raptors,https://www.espn.com/nba/team/_/name/tor/toronto-raptors,"$2,840,160"
290,Christian Braun,https://www.espn.com/nba/player/_/id/4431767/christian-braun,Denver Nuggets,https://www.espn.com/nba/team/_/name/den/denver-nuggets,"$2,808,600"
291,Jalen Johnson,https://www.espn.com/nba/player/_/id/4701230/jalen-johnson,Atlanta Hawks,https://www.espn.com/nba/team/_/name/atl/atlanta-hawks,"$2,792,640"
292,Tyrese Maxey,https://www.espn.com/nba/player/_/id/4431678/tyrese-maxey,Philadelphia 76ers,https://www.espn.com/nba/team/_/name/phi/philadelphia-76ers,"$2,726,880"
293,Bruno Fernando,https://www.espn.com/nba/player/_/id/4277952/bruno-fernando,Atlanta Hawks,https://www.espn.com/nba/team/_/name/atl/atlanta-hawks,"$2,717,391"
294,Trey Lyles,https://www.espn.com/nba/player/_/id/3136196/trey-lyles,Sacramento Kings,https://www.espn.com/nba/team/_/name/sac/sacramento-kings,"$2,700,000"
295,Walker Kessler,https://www.espn.com/nba/player/_/id/4433136/walker-kessler,Utah Jazz,https://www.espn.com/nba/team/_/name/utah/utah-jazz,"$2,696,400"
296,Marc Gasol,https://www.espn.com/nba/player/_/id/3206/marc-gasol,Memphis Grizzlies,https://www.espn.com/nba/team/_/name/mem/memphis-grizzlies,"$2,692,991"
297,Anthony Tolliver,https://www.espn.com/nba/player/_/id/3276/anthony-tolliver,New Orleans Pelicans,https://www.espn.com/nba/team/_/name/no/new-orleans-pelicans,"$2,692,991"
298,Keon Johnson,https://www.espn.com/nba/player/_/id/4432192/keon-johnson,Portland Trail Blazers,https://www.espn.com/nba/team/_/name/por/portland-trail-blazers,"$2,681,040"
299,Charles Bassey,https://www.espn.com/nba/player/_/id/4397886/charles-bassey,San Antonio Spurs,https://www.espn.com/nba/team/_/name/sa/san-antonio-spurs,"$2,600,000"
300,David Roddy,https://www.espn.com/nba/player/_/id/4593041/david-roddy,Memphis Grizzlies,https://www.espn.com/nba/team/_/name/mem/memphis-grizzlies,"$2,588,640"
301,Isaiah Jackson,https://www.espn.com/nba/player/_/id/4432170/isaiah-jackson,Indiana Pacers,https://www.espn.com/nba/team/_/name/ind/indiana-pacers,"$2,573,760"
302,Zeke Nnaji,https://www.espn.com/nba/player/_/id/4431690/zeke-nnaji,Denver Nuggets,https://www.espn.com/nba/team/_/name/den/denver-nuggets,"$2,498,760"
303,MarJon Beauchamp,https://www.espn.com/nba/player/_/id/4432179/marjon-beauchamp,Milwaukee Bucks,https://www.espn.com/nba/team/_/name/mil/milwaukee-bucks,"$2,485,200"
304,Usman Garuba,https://www.espn.com/nba/player/_/id/4871143/usman-garuba,Houston Rockets,https://www.espn.com/nba/team/_/name/hou/houston-rockets,"$2,471,160"
305,Montrezl Harrell,https://www.espn.com/nba/player/_/id/2991055/montrezl-harrell,Philadelphia 76ers,https://www.espn.com/nba/team/_/name/phi/philadelphia-76ers,"$2,463,490"
306,Willy Hernangomez,https://www.espn.com/nba/player/_/id/2999409/willy-hernangomez,New Orleans Pelicans,https://www.espn.com/nba/team/_/name/no/new-orleans-pelicans,"$2,443,581"
307,Blake Wesley,https://www.espn.com/nba/player/_/id/4683935/blake-wesley,San Antonio Spurs,https://www.espn.com/nba/team/_/name/sa/san-antonio-spurs,"$2,385,480"
308,Josh Christopher,https://www.espn.com/nba/player/_/id/4432168/josh-christopher,Houston Rockets,https://www.espn.com/nba/team/_/name/hou/houston-rockets,"$2,372,160"
309,Leandro Bolmaro,https://www.espn.com/nba/player/_/id/4683025/leandro-bolmaro,Utah Jazz,https://www.espn.com/nba/team/_/name/utah/utah-jazz,"$2,353,320"
310,Immanuel Quickley,https://www.espn.com/nba/player/_/id/4395724/immanuel-quickley,New York Knicks,https://www.espn.com/nba/team/_/name/ny/new-york-knicks,"$2,316,240"
311,Wendell Moore Jr.,https://www.espn.com/nba/player/_/id/4592187/wendell-moore-jr.,Minnesota Timberwolves,https://www.espn.com/nba/team/_/name/min/minnesota-timberwolves,"$2,306,520"
312,John Konchar,https://www.espn.com/nba/player/_/id/3134932/john-konchar,Memphis Grizzlies,https://www.espn.com/nba/team/_/name/mem/memphis-grizzlies,"$2,300,000"
313,Damian Jones,https://www.espn.com/nba/player/_/id/3064559/damian-jones,Utah Jazz,https://www.espn.com/nba/team/_/name/utah/utah-jazz,"$2,298,385"
314,Quentin Grimes,https://www.espn.com/nba/player/_/id/4397014/quentin-grimes,New York Knicks,https://www.espn.com/nba/team/_/name/ny/new-york-knicks,"$2,277,000"
315,Andrew Nembhard,https://www.espn.com/nba/player/_/id/4395712/andrew-nembhard,Indiana Pacers,https://www.espn.com/nba/team/_/name/ind/indiana-pacers,"$2,244,111"
316,Nikola Jovic,https://www.espn.com/nba/player/_/id/4997528/nikola-jovic,Miami Heat,https://www.espn.com/nba/team/_/name/mia/miami-heat,"$2,239,920"
317,Payton Pritchard,https://www.espn.com/nba/player/_/id/4066354/payton-pritchard,Boston Celtics,https://www.espn.com/nba/team/_/name/bos/boston-celtics,"$2,239,200"
318,Vlatko Cancar,https://www.espn.com/nba/player/_/id/4230557/vlatko-cancar,Denver Nuggets,https://www.espn.com/nba/team/_/name/den/denver-nuggets,"$2,234,359"
319,Patrick Baldwin Jr.,https://www.espn.com/nba/player/_/id/4433246/patrick-baldwin-jr.,Golden State Warriors,https://www.espn.com/nba/team/_/name/gs/golden-state-warriors,"$2,226,000"
320,TyTy Washington Jr.,https://www.espn.com/nba/player/_/id/4683749/tyty-washington-jr.,Houston Rockets,https://www.espn.com/nba/team/_/name/hou/houston-rockets,"$2,210,040"
321,Bones Hyland,https://www.espn.com/nba/player/_/id/4592492/bones-hyland,LA Clippers,https://www.espn.com/nba/team/_/name/lac/la-clippers,"$2,201,520"
322,Bol Bol,https://www.espn.com/nba/player/_/id/4397102/bol-bol,Orlando Magic,https://www.espn.com/nba/team/_/name/orl/orlando-magic,"$2,200,000"
323,Peyton Watson,https://www.espn.com/nba/player/_/id/4576087/peyton-watson,Denver Nuggets,https://www.espn.com/nba/team/_/name/den/denver-nuggets,"$2,193,960"
324,Marquese Chriss,https://www.espn.com/nba/player/_/id/3907487/marquese-chriss,Oklahoma City Thunder,https://www.espn.com/nba/team/_/name/okc/oklahoma-city-thunder,"$2,193,920"
325,Nik Stauskas,https://www.espn.com/nba/player/_/id/2991042/nik-stauskas,Indiana Pacers,https://www.espn.com/nba/team/_/name/ind/indiana-pacers,"$2,193,920"
326,Udoka Azubuike,https://www.espn.com/nba/player/_/id/4066299/udoka-azubuike,Utah Jazz,https://www.espn.com/nba/team/_/name/utah/utah-jazz,"$2,174,880"
327,Jaden McDaniels,https://www.espn.com/nba/player/_/id/4431671/jaden-mcdaniels,Minnesota Timberwolves,https://www.espn.com/nba/team/_/name/min/minnesota-timberwolves,"$2,161,440"
328,Jordan McLaughlin,https://www.espn.com/nba/player/_/id/3134916/jordan-mclaughlin,Minnesota Timberwolves,https://www.espn.com/nba/team/_/name/min/minnesota-timberwolves,"$2,160,000"
329,Malachi Flynn,https://www.espn.com/nba/player/_/id/4066668/malachi-flynn,Toronto Raptors,https://www.espn.com/nba/team/_/name/tor/toronto-raptors,"$2,145,720"
330,Cam Thomas,https://www.espn.com/nba/player/_/id/4432174/cam-thomas,Brooklyn Nets,https://www.espn.com/nba/team/_/name/bkn/brooklyn-nets,"$2,138,160"
331,Luke Kornet,https://www.espn.com/nba/player/_/id/3064560/luke-kornet,Boston Celtics,https://www.espn.com/nba/team/_/name/bos/boston-celtics,"$2,133,278"
332,Desmond Bane,https://www.espn.com/nba/player/_/id/4066320/desmond-bane,Memphis Grizzlies,https://www.espn.com/nba/team/_/name/mem/memphis-grizzlies,"$2,130,240"
333,Jahlil Okafor,https://www.espn.com/nba/player/_/id/3135048/jahlil-okafor,Atlanta Hawks,https://www.espn.com/nba/team/_/name/atl/atlanta-hawks,"$2,130,023"
334,Jaden Springer,https://www.espn.com/nba/player/_/id/4432164/jaden-springer,Philadelphia 76ers,https://www.espn.com/nba/team/_/name/phi/philadelphia-76ers,"$2,125,200"
335,Day'Ron Sharpe,https://www.espn.com/nba/player/_/id/4432194/day'ron-sharpe,Brooklyn Nets,https://www.espn.com/nba/team/_/name/bkn/brooklyn-nets,"$2,109,480"
336,Jevon Carter,https://www.espn.com/nba/player/_/id/3133635/jevon-carter,Milwaukee Bucks,https://www.espn.com/nba/team/_/name/mil/milwaukee-bucks,"$2,100,000"
337,Santi Aldama,https://www.espn.com/nba/player/_/id/4593125/santi-aldama,Memphis Grizzlies,https://www.espn.com/nba/team/_/name/mem/memphis-grizzlies,"$2,094,240"
338,Frank Ntilikina,https://www.espn.com/nba/player/_/id/4230547/frank-ntilikina,Dallas Mavericks,https://www.espn.com/nba/team/_/name/dal/dallas-mavericks,"$2,036,318"
339,Tony Bradley,https://www.espn.com/nba/player/_/id/4065673/tony-bradley,Chicago Bulls,https://www.espn.com/nba/team/_/name/chi/chicago-bulls,"$2,036,318"
340,Jaylin Williams,https://www.espn.com/nba/player/_/id/4432823/jaylin-williams,Oklahoma City Thunder,https://www.espn.com/nba/team/_/name/okc/oklahoma-city-thunder,"$2,000,000"
341,Jeremiah Robinson-Earl,https://www.espn.com/nba/player/_/id/4432813/jeremiah-robinson-earl,Oklahoma City Thunder,https://www.espn.com/nba/team/_/name/okc/oklahoma-city-thunder,"$2,000,000"
342,Kenrich Williams,https://www.espn.com/nba/player/_/id/3133626/kenrich-williams,Oklahoma City Thunder,https://www.espn.com/nba/team/_/name/okc/oklahoma-city-thunder,"$2,000,000"
343,Abdel Nader,https://www.espn.com/nba/player/_/id/2595435/abdel-nader,Phoenix Suns,https://www.espn.com/nba/team/_/name/phx/phoenix-suns,"$2,000,000"
344,Caleb Houstan,https://www.espn.com/nba/player/_/id/4433623/caleb-houstan,Orlando Magic,https://www.espn.com/nba/team/_/name/orl/orlando-magic,"$2,000,000"
345,Danny Green,https://www.espn.com/nba/player/_/id/3988/danny-green,Cleveland Cavaliers,https://www.espn.com/nba/team/_/name/cle/cleveland-cavaliers,"$2,000,000"
346,Garrison Mathews,https://www.espn.com/nba/player/_/id/3913180/garrison-mathews,Atlanta Hawks,https://www.espn.com/nba/team/_/name/atl/atlanta-hawks,"$2,000,000"
347,Shake Milton,https://www.espn.com/nba/player/_/id/3915195/shake-milton,Philadelphia 76ers,https://www.espn.com/nba/team/_/name/phi/philadelphia-76ers,"$1,977,718"
348,Edmond Sumner,https://www.espn.com/nba/player/_/id/3136485/edmond-sumner,Brooklyn Nets,https://www.espn.com/nba/team/_/name/bkn/brooklyn-nets,"$1,968,175"
349,Jontay Porter,https://www.espn.com/nba/player/_/id/4278103/jontay-porter,Memphis Grizzlies,https://www.espn.com/nba/team/_/name/mem/memphis-grizzlies,"$1,950,000"
350,Denzel Valentine,https://www.espn.com/nba/player/_/id/2999549/denzel-valentine,Boston Celtics,https://www.espn.com/nba/team/_/name/bos/boston-celtics,"$1,939,350"
351,Daniel Gafford,https://www.espn.com/nba/player/_/id/4278049/daniel-gafford,Washington Wizards,https://www.espn.com/nba/team/_/name/wsh/washington-wizards,"$1,930,681"
352,Jalen McDaniels,https://www.espn.com/nba/player/_/id/4066731/jalen-mcdaniels,Philadelphia 76ers,https://www.espn.com/nba/team/_/name/phi/philadelphia-76ers,"$1,930,681"
353,Naz Reid,https://www.espn.com/nba/player/_/id/4396971/naz-reid,Minnesota Timberwolves,https://www.espn.com/nba/team/_/name/min/minnesota-timberwolves,"$1,930,681"
354,Jaylen Nowell,https://www.espn.com/nba/player/_/id/4278541/jaylen-nowell,Minnesota Timberwolves,https://www.espn.com/nba/team/_/name/min/minnesota-timberwolves,"$1,930,681"
355,Terance Mann,https://www.espn.com/nba/player/_/id/3907823/terance-mann,LA Clippers,https://www.espn.com/nba/team/_/name/lac/la-clippers,"$1,930,681"
356,Dean Wade,https://www.espn.com/nba/player/_/id/3912848/dean-wade,Cleveland Cavaliers,https://www.espn.com/nba/team/_/name/cle/cleveland-cavaliers,"$1,930,681"
357,Lindy Waters III,https://www.espn.com/nba/player/_/id/4066317/lindy-waters-iii,Oklahoma City Thunder,https://www.espn.com/nba/team/_/name/okc/oklahoma-city-thunder,"$1,927,896"
358,Chimezie Metu,https://www.espn.com/nba/player/_/id/3914283/chimezie-metu,Sacramento Kings,https://www.espn.com/nba/team/_/name/sac/sacramento-kings,"$1,910,680"
359,Davon Reed,https://www.espn.com/nba/player/_/id/3059262/davon-reed,Los Angeles Lakers,https://www.espn.com/nba/team/_/name/lal/los-angeles-lakers,"$1,902,133"
360,Xavier Tillman,https://www.espn.com/nba/player/_/id/4277964/xavier-tillman,Memphis Grizzlies,https://www.espn.com/nba/team/_/name/mem/memphis-grizzlies,"$1,901,625"
361,Killian Tillie,https://www.espn.com/nba/player/_/id/4066651/killian-tillie,Memphis Grizzlies,https://www.espn.com/nba/team/_/name/mem/memphis-grizzlies,"$1,901,625"
362,Theo Maledon,https://www.espn.com/nba/player/_/id/4683027/theo-maledon,Charlotte Hornets,https://www.espn.com/nba/team/_/name/cha/charlotte-hornets,"$1,900,000"
363,Keita Bates-Diop,https://www.espn.com/nba/player/_/id/3136779/keita-bates-diop,San Antonio Spurs,https://www.espn.com/nba/team/_/name/sa/san-antonio-spurs,"$1,878,720"
364,Moritz Wagner,https://www.espn.com/nba/player/_/id/3150844/moritz-wagner,Orlando Magic,https://www.espn.com/nba/team/_/name/orl/orlando-magic,"$1,878,720"
365,Thanasis Antetokounmpo,https://www.espn.com/nba/player/_/id/3102533/thanasis-antetokounmpo,Milwaukee Bucks,https://www.espn.com/nba/team/_/name/mil/milwaukee-bucks,"$1,878,720"
366,Wenyen Gabriel,https://www.espn.com/nba/player/_/id/4066264/wenyen-gabriel,Los Angeles Lakers,https://www.espn.com/nba/team/_/name/lal/los-angeles-lakers,"$1,878,720"
367,Didi Louzada,https://www.espn.com/nba/player/_/id/4423885/didi-louzada,Cleveland Cavaliers,https://www.espn.com/nba/team/_/name/cle/cleveland-cavaliers,"$1,876,222"
368,Oshae Brissett,https://www.espn.com/nba/player/_/id/4278031/oshae-brissett,Indiana Pacers,https://www.espn.com/nba/team/_/name/ind/indiana-pacers,"$1,846,738"
369,Dennis Smith Jr.,https://www.espn.com/nba/player/_/id/4065697/dennis-smith-jr.,Charlotte Hornets,https://www.espn.com/nba/team/_/name/cha/charlotte-hornets,"$1,836,090"
370,Svi Mykhailiuk,https://www.espn.com/nba/player/_/id/3133602/svi-mykhailiuk,Charlotte Hornets,https://www.espn.com/nba/team/_/name/cha/charlotte-hornets,"$1,836,090"
371,Juancho Hernangomez,https://www.espn.com/nba/player/_/id/4017839/juancho-hernangomez,Toronto Raptors,https://www.espn.com/nba/team/_/name/tor/toronto-raptors,"$1,836,090"
372,Anthony Gill,https://www.espn.com/nba/player/_/id/2581184/anthony-gill,Washington Wizards,https://www.espn.com/nba/team/_/name/wsh/washington-wizards,"$1,836,090"
373,Taj Gibson,https://www.espn.com/nba/player/_/id/3986/taj-gibson,Washington Wizards,https://www.espn.com/nba/team/_/name/wsh/washington-wizards,"$1,836,090"
374,Juan Toscano-Anderson,https://www.espn.com/nba/player/_/id/4401416/juan-toscano-anderson,Utah Jazz,https://www.espn.com/nba/team/_/name/utah/utah-jazz,"$1,836,090"
375,Isaiah Joe,https://www.espn.com/nba/player/_/id/4395702/isaiah-joe,Oklahoma City Thunder,https://www.espn.com/nba/team/_/name/okc/oklahoma-city-thunder,"$1,836,090"
376,Justin Jackson,https://www.espn.com/nba/player/_/id/3138156/justin-jackson,Boston Celtics,https://www.espn.com/nba/team/_/name/bos/boston-celtics,"$1,836,090"
377,Matthew Dellavedova,https://www.espn.com/nba/player/_/id/2489716/matthew-dellavedova,Sacramento Kings,https://www.espn.com/nba/team/_/name/sac/sacramento-kings,"$1,836,090"
378,Drew Eubanks,https://www.espn.com/nba/player/_/id/3914285/drew-eubanks,Portland Trail Blazers,https://www.espn.com/nba/team/_/name/por/portland-trail-blazers,"$1,836,090"
379,Ryan Arcidiacono,https://www.espn.com/nba/player/_/id/2991047/ryan-arcidiacono,Portland Trail Blazers,https://www.espn.com/nba/team/_/name/por/portland-trail-blazers,"$1,836,090"
380,Josh Okogie,https://www.espn.com/nba/player/_/id/4065663/josh-okogie,Phoenix Suns,https://www.espn.com/nba/team/_/name/phx/phoenix-suns,"$1,836,090"
381,T.J. Warren,https://www.espn.com/nba/player/_/id/2982334/t.j.-warren,Phoenix Suns,https://www.espn.com/nba/team/_/name/phx/phoenix-suns,"$1,836,090"
382,Damion Lee,https://www.espn.com/nba/player/_/id/2595209/damion-lee,Phoenix Suns,https://www.espn.com/nba/team/_/name/phx/phoenix-suns,"$1,836,090"
383,Bismack Biyombo,https://www.espn.com/nba/player/_/id/6427/bismack-biyombo,Phoenix Suns,https://www.espn.com/nba/team/_/name/phx/phoenix-suns,"$1,836,090"
384,Nathan Knight,https://www.espn.com/nba/player/_/id/4067325/nathan-knight,Minnesota Timberwolves,https://www.espn.com/nba/team/_/name/min/minnesota-timberwolves,"$1,836,090"
385,Matt Ryan,https://www.espn.com/nba/player/_/id/3908336/matt-ryan,Minnesota Timberwolves,https://www.espn.com/nba/team/_/name/min/minnesota-timberwolves,"$1,836,090"
386,Bryn Forbes,https://www.espn.com/nba/player/_/id/2994526/bryn-forbes,Minnesota Timberwolves,https://www.espn.com/nba/team/_/name/min/minnesota-timberwolves,"$1,836,090"
387,Austin Rivers,https://www.espn.com/nba/player/_/id/6617/austin-rivers,Minnesota Timberwolves,https://www.espn.com/nba/team/_/name/min/minnesota-timberwolves,"$1,836,090"
388,Wesley Matthews,https://www.espn.com/nba/player/_/id/4032/wesley-matthews,Milwaukee Bucks,https://www.espn.com/nba/team/_/name/mil/milwaukee-bucks,"$1,836,090"
389,Udonis Haslem,https://www.espn.com/nba/player/_/id/2184/udonis-haslem,Miami Heat,https://www.espn.com/nba/team/_/name/mia/miami-heat,"$1,836,090"
390,Troy Brown Jr.,https://www.espn.com/nba/player/_/id/4278508/troy-brown-jr.,Los Angeles Lakers,https://www.espn.com/nba/team/_/name/lal/los-angeles-lakers,"$1,836,090"
391,Dennis Schroder,https://www.espn.com/nba/player/_/id/3032979/dennis-schroder,Los Angeles Lakers,https://www.espn.com/nba/team/_/name/lal/los-angeles-lakers,"$1,836,090"
392,Frank Kaminsky,https://www.espn.com/nba/player/_/id/2579294/frank-kaminsky,Houston Rockets,https://www.espn.com/nba/team/_/name/hou/houston-rockets,"$1,836,090"
393,JaMychal Green,https://www.espn.com/nba/player/_/id/2327577/jamychal-green,Golden State Warriors,https://www.espn.com/nba/team/_/name/gs/golden-state-warriors,"$1,836,090"
394,Andre Iguodala,https://www.espn.com/nba/player/_/id/2386/andre-iguodala,Golden State Warriors,https://www.espn.com/nba/team/_/name/gs/golden-state-warriors,"$1,836,090"
395,Rodney McGruder,https://www.espn.com/nba/player/_/id/2488826/rodney-mcgruder,Detroit Pistons,https://www.espn.com/nba/team/_/name/det/detroit-pistons,"$1,836,090"
396,Thomas Bryant,https://www.espn.com/nba/player/_/id/3934723/thomas-bryant,Denver Nuggets,https://www.espn.com/nba/team/_/name/den/denver-nuggets,"$1,836,090"
397,DeAndre Jordan,https://www.espn.com/nba/player/_/id/3442/deandre-jordan,Denver Nuggets,https://www.espn.com/nba/team/_/name/den/denver-nuggets,"$1,836,090"
398,Theo Pinson,https://www.espn.com/nba/player/_/id/3138154/theo-pinson,Dallas Mavericks,https://www.espn.com/nba/team/_/name/dal/dallas-mavericks,"$1,836,090"
399,Facundo Campazzo,https://www.espn.com/nba/player/_/id/2968334/facundo-campazzo,Dallas Mavericks,https://www.espn.com/nba/team/_/name/dal/dallas-mavericks,"$1,836,090"
400,Markieff Morris,https://www.espn.com/nba/player/_/id/6461/markieff-morris,Dallas Mavericks,https://www.espn.com/nba/team/_/name/dal/dallas-mavericks,"$1,836,090"
401,Raul Neto,https://www.espn.com/nba/player/_/id/2968361/raul-neto,Cleveland Cavaliers,https://www.espn.com/nba/team/_/name/cle/cleveland-cavaliers,"$1,836,090"
402,Robin Lopez,https://www.espn.com/nba/player/_/id/3447/robin-lopez,Cleveland Cavaliers,https://www.espn.com/nba/team/_/name/cle/cleveland-cavaliers,"$1,836,090"
403,Noah Vonleh,https://www.espn.com/nba/player/_/id/3078284/noah-vonleh,Boston Celtics,https://www.espn.com/nba/team/_/name/bos/boston-celtics,"$1,836,090"
404,Blake Griffin,https://www.espn.com/nba/player/_/id/3989/blake-griffin,Boston Celtics,https://www.espn.com/nba/team/_/name/bos/boston-celtics,"$1,836,090"
405,Aaron Holiday,https://www.espn.com/nba/player/_/id/3922230/aaron-holiday,Atlanta Hawks,https://www.espn.com/nba/team/_/name/atl/atlanta-hawks,"$1,836,090"
406,Wes Iwundu,https://www.espn.com/nba/player/_/id/3074797/wes-iwundu,Sacramento Kings,https://www.espn.com/nba/team/_/name/sac/sacramento-kings,"$1,824,003"
407,Dwayne Bacon,https://www.espn.com/nba/player/_/id/3907821/dwayne-bacon,Los Angeles Lakers,https://www.espn.com/nba/team/_/name/lal/los-angeles-lakers,"$1,824,003"
408,Max Strus,https://www.espn.com/nba/player/_/id/4065778/max-strus,Miami Heat,https://www.espn.com/nba/team/_/name/mia/miami-heat,"$1,815,677"
409,Gabe Vincent,https://www.espn.com/nba/player/_/id/3137259/gabe-vincent,Miami Heat,https://www.espn.com/nba/team/_/name/mia/miami-heat,"$1,815,677"
410,Javonte Green,https://www.espn.com/nba/player/_/id/2596112/javonte-green,Chicago Bulls,https://www.espn.com/nba/team/_/name/chi/chicago-bulls,"$1,815,677"
411,Juwan Morgan,https://www.espn.com/nba/player/_/id/3934721/juwan-morgan,LA Clippers,https://www.espn.com/nba/team/_/name/lac/la-clippers,"$1,815,518"
412,Herbert Jones,https://www.espn.com/nba/player/_/id/4277813/herbert-jones,New Orleans Pelicans,https://www.espn.com/nba/team/_/name/no/new-orleans-pelicans,"$1,785,000"
413,Nick Richards,https://www.espn.com/nba/player/_/id/4278076/nick-richards,Charlotte Hornets,https://www.espn.com/nba/team/_/name/cha/charlotte-hornets,"$1,782,621"
414,Vernon Carey Jr.,https://www.espn.com/nba/player/_/id/4431669/vernon-carey-jr.,Washington Wizards,https://www.espn.com/nba/team/_/name/wsh/washington-wizards,"$1,782,621"
415,Tre Jones,https://www.espn.com/nba/player/_/id/4395626/tre-jones,San Antonio Spurs,https://www.espn.com/nba/team/_/name/sa/san-antonio-spurs,"$1,782,621"
416,KZ Okpala,https://www.espn.com/nba/player/_/id/4278521/kz-okpala,Sacramento Kings,https://www.espn.com/nba/team/_/name/sac/sacramento-kings,"$1,782,621"
417,Paul Reed,https://www.espn.com/nba/player/_/id/4278562/paul-reed,Philadelphia 76ers,https://www.espn.com/nba/team/_/name/phi/philadelphia-76ers,"$1,782,621"
418,Yogi Ferrell,https://www.espn.com/nba/player/_/id/2991018/yogi-ferrell,LA Clippers,https://www.espn.com/nba/team/_/name/lac/la-clippers,"$1,782,621"
419,Kenyon Martin Jr.,https://www.espn.com/nba/player/_/id/4431828/kenyon-martin-jr.,Houston Rockets,https://www.espn.com/nba/team/_/name/hou/houston-rockets,"$1,782,621"
420,Alen Smailagic,https://www.espn.com/nba/player/_/id/4401415/alen-smailagic,Golden State Warriors,https://www.espn.com/nba/team/_/name/gs/golden-state-warriors,"$1,782,621"
421,Lamar Stevens,https://www.espn.com/nba/player/_/id/4066405/lamar-stevens,Cleveland Cavaliers,https://www.espn.com/nba/team/_/name/cle/cleveland-cavaliers,"$1,782,621"
422,Naji Marshall,https://www.espn.com/nba/player/_/id/4278594/naji-marshall,New Orleans Pelicans,https://www.espn.com/nba/team/_/name/no/new-orleans-pelicans,"$1,782,621"
423,Miye Oni,https://www.espn.com/nba/player/_/id/4066851/miye-oni,New Orleans Pelicans,https://www.espn.com/nba/team/_/name/no/new-orleans-pelicans,"$1,782,621"
424,Yuta Watanabe,https://www.espn.com/nba/player/_/id/3133838/yuta-watanabe,Brooklyn Nets,https://www.espn.com/nba/team/_/name/bkn/brooklyn-nets,"$1,762,796"
425,Khyri Thomas,https://www.espn.com/nba/player/_/id/3912334/khyri-thomas,Houston Rockets,https://www.espn.com/nba/team/_/name/hou/houston-rockets,"$1,762,796"
426,Saben Lee,https://www.espn.com/nba/player/_/id/4278124/saben-lee,Philadelphia 76ers,https://www.espn.com/nba/team/_/name/phi/philadelphia-76ers,"$1,752,638"
427,Devin Cannady,https://www.espn.com/nba/player/_/id/3906977/devin-cannady,Orlando Magic,https://www.espn.com/nba/team/_/name/orl/orlando-magic,"$1,752,638"
428,Luca Vildoza,https://www.espn.com/nba/player/_/id/4231914/luca-vildoza,Milwaukee Bucks,https://www.espn.com/nba/team/_/name/mil/milwaukee-bucks,"$1,752,638"
429,Rayjon Tucker,https://www.espn.com/nba/player/_/id/3908819/rayjon-tucker,Milwaukee Bucks,https://www.espn.com/nba/team/_/name/mil/milwaukee-bucks,"$1,752,638"
430,Haywood Highsmith,https://www.espn.com/nba/player/_/id/4291678/haywood-highsmith,Miami Heat,https://www.espn.com/nba/team/_/name/mia/miami-heat,"$1,752,638"
431,Omer Yurtseven,https://www.espn.com/nba/player/_/id/3074213/omer-yurtseven,Miami Heat,https://www.espn.com/nba/team/_/name/mia/miami-heat,"$1,752,638"
432,Malik Fitts,https://www.espn.com/nba/player/_/id/4066467/malik-fitts,LA Clippers,https://www.espn.com/nba/team/_/name/lac/la-clippers,"$1,752,638"
433,Paul Watson,https://www.espn.com/nba/player/_/id/3058030/paul-watson,Oklahoma City Thunder,https://www.espn.com/nba/team/_/name/okc/oklahoma-city-thunder,"$1,701,593"
434,Charlie Brown Jr.,https://www.espn.com/nba/player/_/id/4066508/charlie-brown-jr.,Philadelphia 76ers,https://www.espn.com/nba/team/_/name/phi/philadelphia-76ers,"$1,701,593"
435,Kelan Martin,https://www.espn.com/nba/player/_/id/3133596/kelan-martin,New Orleans Pelicans,https://www.espn.com/nba/team/_/name/no/new-orleans-pelicans,"$1,701,593"
436,Mfiondu Kabengele,https://www.espn.com/nba/player/_/id/4065660/mfiondu-kabengele,Boston Celtics,https://www.espn.com/nba/team/_/name/bos/boston-celtics,"$1,701,593"
437,Sam Dekker,https://www.espn.com/nba/player/_/id/2991184/sam-dekker,Toronto Raptors,https://www.espn.com/nba/team/_/name/tor/toronto-raptors,"$1,669,178"
438,Jarrell Brantley,https://www.espn.com/nba/player/_/id/3912292/jarrell-brantley,Utah Jazz,https://www.espn.com/nba/team/_/name/utah/utah-jazz,"$1,669,178"
439,E'Twaun Moore,https://www.espn.com/nba/player/_/id/6460/e'twaun-moore,Orlando Magic,https://www.espn.com/nba/team/_/name/orl/orlando-magic,"$1,669,178"
440,Solomon Hill,https://www.espn.com/nba/player/_/id/2488958/solomon-hill,New York Knicks,https://www.espn.com/nba/team/_/name/ny/new-york-knicks,"$1,669,178"
441,Trevor Ariza,https://www.espn.com/nba/player/_/id/2426/trevor-ariza,Los Angeles Lakers,https://www.espn.com/nba/team/_/name/lal/los-angeles-lakers,"$1,669,178"
442,Semi Ojeleye,https://www.espn.com/nba/player/_/id/3056602/semi-ojeleye,LA Clippers,https://www.espn.com/nba/team/_/name/lac/la-clippers,"$1,669,178"
443,Kevin Pangos,https://www.espn.com/nba/player/_/id/2583962/kevin-pangos,Cleveland Cavaliers,https://www.espn.com/nba/team/_/name/cle/cleveland-cavaliers,"$1,669,178"
444,Jabari Parker,https://www.espn.com/nba/player/_/id/3056600/jabari-parker,Boston Celtics,https://www.espn.com/nba/team/_/name/bos/boston-celtics,"$1,669,178"
445,Enes Freedom,https://www.espn.com/nba/player/_/id/6447/enes-freedom,Houston Rockets,https://www.espn.com/nba/team/_/name/hou/houston-rockets,"$1,669,178"
446,Jericho Sims,https://www.espn.com/nba/player/_/id/4277922/jericho-sims,New York Knicks,https://www.espn.com/nba/team/_/name/ny/new-york-knicks,"$1,639,842"
447,Kessler Edwards,https://www.espn.com/nba/player/_/id/4397693/kessler-edwards,Sacramento Kings,https://www.espn.com/nba/team/_/name/sac/sacramento-kings,"$1,637,966"
448,Trevelin Queen,https://www.espn.com/nba/player/_/id/4409222/trevelin-queen,Indiana Pacers,https://www.espn.com/nba/team/_/name/ind/indiana-pacers,"$1,637,966"
449,Isaiah Todd,https://www.espn.com/nba/player/_/id/4715198/isaiah-todd,Washington Wizards,https://www.espn.com/nba/team/_/name/wsh/washington-wizards,"$1,575,000"
450,JT Thor,https://www.espn.com/nba/player/_/id/4702233/jt-thor,Charlotte Hornets,https://www.espn.com/nba/team/_/name/cha/charlotte-hornets,"$1,563,518"
451,Aaron Wiggins,https://www.espn.com/nba/player/_/id/4397183/aaron-wiggins,Oklahoma City Thunder,https://www.espn.com/nba/team/_/name/okc/oklahoma-city-thunder,"$1,563,518"
452,Jared Butler,https://www.espn.com/nba/player/_/id/4395695/jared-butler,Oklahoma City Thunder,https://www.espn.com/nba/team/_/name/okc/oklahoma-city-thunder,"$1,563,518"
453,Greg Brown III,https://www.espn.com/nba/player/_/id/4432161/greg-brown-iii,Portland Trail Blazers,https://www.espn.com/nba/team/_/name/por/portland-trail-blazers,"$1,563,518"
454,Trendon Watford,https://www.espn.com/nba/player/_/id/4431675/trendon-watford,Portland Trail Blazers,https://www.espn.com/nba/team/_/name/por/portland-trail-blazers,"$1,563,518"
455,Jock Landale,https://www.espn.com/nba/player/_/id/3146557/jock-landale,Phoenix Suns,https://www.espn.com/nba/team/_/name/phx/phoenix-suns,"$1,563,518"
456,Miles McBride,https://www.espn.com/nba/player/_/id/4431823/miles-mcbride,New York Knicks,https://www.espn.com/nba/team/_/name/ny/new-york-knicks,"$1,563,518"
457,Duane Washington Jr.,https://www.espn.com/nba/player/_/id/4397235/duane-washington-jr.,Phoenix Suns,https://www.espn.com/nba/team/_/name/phx/phoenix-suns,"$1,563,518"
458,Austin Reaves,https://www.espn.com/nba/player/_/id/4066457/austin-reaves,Los Angeles Lakers,https://www.espn.com/nba/team/_/name/lal/los-angeles-lakers,"$1,563,518"
459,Brandon Boston Jr.,https://www.espn.com/nba/player/_/id/4432162/brandon-boston-jr.,LA Clippers,https://www.espn.com/nba/team/_/name/lac/la-clippers,"$1,563,518"
460,Jason Preston,https://www.espn.com/nba/player/_/id/4397916/jason-preston,LA Clippers,https://www.espn.com/nba/team/_/name/lac/la-clippers,"$1,563,518"
461,Daishen Nix,https://www.espn.com/nba/player/_/id/4432176/daishen-nix,Houston Rockets,https://www.espn.com/nba/team/_/name/hou/houston-rockets,"$1,563,518"
462,Isaiah Livers,https://www.espn.com/nba/player/_/id/4277957/isaiah-livers,Detroit Pistons,https://www.espn.com/nba/team/_/name/det/detroit-pistons,"$1,563,518"
463,Marko Simonovic,https://www.espn.com/nba/player/_/id/4683622/marko-simonovic,Chicago Bulls,https://www.espn.com/nba/team/_/name/chi/chicago-bulls,"$1,563,518"
464,Ayo Dosunmu,https://www.espn.com/nba/player/_/id/4397002/ayo-dosunmu,Chicago Bulls,https://www.espn.com/nba/team/_/name/chi/chicago-bulls,"$1,563,518"
465,Terry Taylor,https://www.espn.com/nba/player/_/id/4279815/terry-taylor,Chicago Bulls,https://www.espn.com/nba/team/_/name/chi/chicago-bulls,"$1,563,518"
466,Jose Alvarado,https://www.espn.com/nba/player/_/id/4277869/jose-alvarado,New Orleans Pelicans,https://www.espn.com/nba/team/_/name/no/new-orleans-pelicans,"$1,563,518"
467,Sam Hauser,https://www.espn.com/nba/player/_/id/4065804/sam-hauser,Boston Celtics,https://www.espn.com/nba/team/_/name/bos/boston-celtics,"$1,563,518"
468,Vit Krejci,https://www.espn.com/nba/player/_/id/4578893/vit-krejci,Atlanta Hawks,https://www.espn.com/nba/team/_/name/atl/atlanta-hawks,"$1,563,518"
469,Dalano Banton,https://www.espn.com/nba/player/_/id/4397885/dalano-banton,Toronto Raptors,https://www.espn.com/nba/team/_/name/tor/toronto-raptors,"$1,563,318"
470,Daniel Oturu,https://www.espn.com/nba/player/_/id/4397215/daniel-oturu,Toronto Raptors,https://www.espn.com/nba/team/_/name/tor/toronto-raptors,"$1,517,981"
471,Caleb Homesley,https://www.espn.com/nba/player/_/id/3947736/caleb-homesley,Washington Wizards,https://www.espn.com/nba/team/_/name/wsh/washington-wizards,"$1,517,981"
472,Jahmi'us Ramsey,https://www.espn.com/nba/player/_/id/4431688/jahmi'us-ramsey,Sacramento Kings,https://www.espn.com/nba/team/_/name/sac/sacramento-kings,"$1,517,981"
473,Elijah Bryant,https://www.espn.com/nba/player/_/id/3129951/elijah-bryant,Milwaukee Bucks,https://www.espn.com/nba/team/_/name/mil/milwaukee-bucks,"$1,517,981"
474,Deividas Sirvydis,https://www.espn.com/nba/player/_/id/4423883/deividas-sirvydis,Indiana Pacers,https://www.espn.com/nba/team/_/name/ind/indiana-pacers,"$1,517,981"
475,Mamadi Diakite,https://www.espn.com/nba/player/_/id/3947156/mamadi-diakite,Cleveland Cavaliers,https://www.espn.com/nba/team/_/name/cle/cleveland-cavaliers,"$1,517,981"
476,Christian Koloko,https://www.espn.com/nba/player/_/id/4431778/christian-koloko,Toronto Raptors,https://www.espn.com/nba/team/_/name/tor/toronto-raptors,"$1,500,000"
477,Tyus Jones,https://www.espn.com/nba/player/_/id/3135046/tyus-jones,Memphis Grizzlies,https://www.espn.com/nba/team/_/name/mem/memphis-grizzlies,"$1,500,000"
478,Alize Johnson,https://www.espn.com/nba/player/_/id/4067045/alize-johnson,San Antonio Spurs,https://www.espn.com/nba/team/_/name/sa/san-antonio-spurs,"$1,392,896"
479,Kemba Walker,https://www.espn.com/nba/player/_/id/6479/kemba-walker,Dallas Mavericks,https://www.espn.com/nba/team/_/name/dal/dallas-mavericks,"$1,392,896"
480,Stanley Johnson,https://www.espn.com/nba/player/_/id/3134881/stanley-johnson,San Antonio Spurs,https://www.espn.com/nba/team/_/name/sa/san-antonio-spurs,"$1,245,164"
